日付,レース場,レース番号,締切予定時刻,ステータス,艇番,選手名,級別,支部,全国勝率,全国2連率,当地勝率,当地2連率,モーター番号,モーター2連率,ボート番号,ボート2連率,体重,年齢,進入
2025-04-08,江戸川,1,11:14,投票,1,杉村賢也,B1,東京,5.08,32.39,4.83,28.3,68,39.2,35,38.73,51.2,35,
2025-04-08,江戸川,1,11:14,投票,2,渥美卓郎,B1,静岡,4.54,22.81,4.04,14.29,19,33.84,41,36.55,56.2,42,
2025-04-08,江戸川,1,11:14,投票,3,品川賢次,B1,群馬,4.44,26.47,4.79,22.81,33,34.2,43,28.77,55.7,51,
2025-04-08,江戸川,1,11:14,投票,4,吉田祐貴,B1,佐賀,3.78,14.71,4.2,20.0,51,43.5,18,32.14,54.6,39,
2025-04-08,江戸川,1,11:14,投票,5,一色颯輝,B1,愛知,4.69,27.96,4.29,28.57,35,37.44,64,46.07,56.4,23,
2025-04-08,江戸川,1,11:14,投票,6,山下拓巳,B1,兵庫,4.26,23.6,0.0,0.0,40,35.23,29,30.53,52.4,23,
2025-04-08,江戸川,2,11:41,投票,1,上原健次郎,B1,福岡,5.0,22.5,4.11,11.11,26,38.42,10,36.6,54.2,29,
2025-04-08,江戸川,2,11:41,投票,2,宮地博士,B1,長崎,4.31,17.78,4.14,28.57,20,32.49,66,30.1,54.8,46,
2025-04-08,江戸川,2,11:41,投票,3,飯山泰,A2,東京,6.06,40.95,5.8,30.95,31,39.32,48,30.43,51.4,47,
2025-04-08,江戸川,2,11:41,投票,4,宇野博之,B1,愛知,4.53,26.85,4.16,23.68,14,30.17,11,33.9,55.5,45,
2025-04-08,江戸川,2,11:41,投票,5,吉田和仁,B1,滋賀,4.61,26.97,6.56,44.44,22,35.44,45,33.7,57.0,41,
2025-04-08,江戸川,2,11:41,投票,6,山道諄也,B2,群馬,1.42,0.0,1.5,0.0,58,33.33,61,36.32,55.6,23,
2025-04-08,江戸川,3,12:08,投票,1,黒田剛,B1,福岡,3.18,15.0,3.43,14.29,49,31.63,54,30.0,52.4,24,
2025-04-08,江戸川,3,12:08,投票,2,松本庸平,B1,三重,4.06,21.59,5.31,33.33,23,47.54,31,31.44,49.8,40,
2025-04-08,江戸川,3,12:08,投票,3,品田直樹,B1,東京,4.37,21.43,5.32,34.27,71,37.63,71,39.13,50.6,46,
2025-04-08,江戸川,3,12:08,投票,4,和田操拓,A2,滋賀,5.96,37.96,5.56,34.38,46,27.93,16,38.92,50.6,40,
2025-04-08,江戸川,3,12:08,投票,5,村松遥輝,B1,静岡,3.46,16.09,0.0,0.0,29,36.14,68,33.85,57.2,21,
2025-04-08,江戸川,3,12:08,投票,6,河内一馬,B2,愛知,2.47,2.56,2.68,4.0,12,38.46,12,31.28,56.2,24,
2025-04-08,江戸川,4,12:35,投票,1,浅見宗孝,B1,埼玉,4.77,27.16,5.15,32.61,57,27.37,36,38.04,55.1,52,
2025-04-08,江戸川,4,12:35,投票,2,三川昂暁,A2,福岡,5.68,38.83,4.38,7.69,55,31.79,26,37.56,54.5,36,
2025-04-08,江戸川,4,12:35,投票,3,新出浩司,B1,大阪,4.92,27.27,4.82,25.0,34,44.85,53,44.55,51.8,41,
2025-04-08,江戸川,4,12:35,投票,4,沼田大都,B1,愛知,5.14,30.21,6.33,44.44,21,43.81,59,38.05,51.5,28,
2025-04-08,江戸川,4,12:35,投票,5,高橋勲,B1,東京,5.66,41.8,5.42,33.33,27,28.65,70,36.73,60.4,57,
2025-04-08,江戸川,4,12:35,投票,6,吉川喜継,A1,滋賀,6.38,45.24,0.0,0.0,39,44.79,55,34.9,51.2,43,
2025-04-08,江戸川,5,13:02,投票,1,吉田祐貴,B1,佐賀,3.78,14.71,4.2,20.0,51,43.5,18,32.14,54.6,39,
2025-04-08,江戸川,5,13:02,投票,2,江本真治,A2,山口,5.69,38.58,1.5,0.0,45,28.57,21,34.78,54.6,50,
2025-04-08,江戸川,5,13:02,投票,3,永松良教,B1,福岡,3.37,16.9,3.78,22.22,32,34.39,34,38.33,54.0,25,
2025-04-08,江戸川,5,13:02,投票,4,豊田祥生,B1,静岡,3.19,13.13,2.13,0.0,61,46.31,51,36.56,49.9,23,
2025-04-08,江戸川,5,13:02,投票,5,島田賢人,A1,埼玉,6.56,47.06,0.0,0.0,30,34.9,17,31.84,55.2,37,
2025-04-08,江戸川,5,13:02,投票,6,佐藤世那,B2,東京,2.63,5.56,3.24,5.88,70,32.24,69,31.58,53.0,19,
2025-04-08,江戸川,6,13:29,投票,1,平瀬城啓,B1,福井,4.14,16.84,4.79,28.57,10,34.95,38,38.39,55.2,40,
2025-04-08,江戸川,6,13:29,投票,2,倉富大誠,B2,愛知,4.13,22.02,3.52,16.13,38,30.95,52,40.0,51.6,23,
2025-04-08,江戸川,6,13:29,投票,3,上原健次郎,B1,福岡,5.0,22.5,4.11,11.11,26,38.42,10,36.6,54.2,29,
2025-04-08,江戸川,6,13:29,投票,4,石岡将太,B1,群馬,5.08,34.65,5.18,42.42,62,32.02,40,43.06,58.3,36,
2025-04-08,江戸川,6,13:29,投票,5,秦英悟,A2,大阪,6.86,51.16,3.8,20.0,54,36.32,28,32.5,52.6,39,
2025-04-08,江戸川,6,13:29,投票,6,渥美卓郎,B1,静岡,4.54,22.81,4.04,14.29,19,33.84,41,36.55,56.2,42,
2025-04-08,江戸川,7,13:56,投票,1,松本庸平,B1,三重,4.06,21.59,5.31,33.33,23,47.54,31,31.44,49.8,40,
2025-04-08,江戸川,7,13:56,投票,2,真庭明志,A2,長崎,4.86,27.43,4.75,18.75,36,43.5,13,33.5,52.9,41,
2025-04-08,江戸川,7,13:56,投票,3,馬野耀,A1,大阪,5.51,29.76,5.38,37.5,50,30.85,32,34.29,54.5,31,
2025-04-08,江戸川,7,13:56,投票,4,一色颯輝,B1,愛知,4.69,27.96,4.29,28.57,35,37.44,64,46.07,56.4,23,
2025-04-08,江戸川,7,13:56,投票,5,石渡翔一郎,B1,東京,5.55,39.39,5.12,35.04,66,31.84,30,31.79,52.4,22,
2025-04-08,江戸川,7,13:56,投票,6,山下流心,B1,広島,4.26,18.29,5.3,20.0,69,25.56,20,31.37,55.1,32,
2025-04-08,江戸川,8,14:24,投票,1,平田健之佑,A1,三重,6.02,47.46,6.6,51.43,56,31.21,47,38.05,53.2,38,
2025-04-08,江戸川,8,14:24,投票,2,吉田和仁,B1,滋賀,4.61,26.97,6.56,44.44,22,35.44,45,33.7,57.0,41,
2025-04-08,江戸川,8,14:24,投票,3,黒田剛,B1,福岡,3.18,15.0,3.43,14.29,49,31.63,54,30.0,52.4,24,
2025-04-08,江戸川,8,14:24,投票,4,新出浩司,B1,大阪,4.92,27.27,4.82,25.0,34,44.85,53,44.55,51.8,41,
2025-04-08,江戸川,8,14:24,投票,5,鈴木猛,B1,東京,4.88,25.49,5.26,31.58,60,39.13,33,30.51,53.0,51,
2025-04-08,江戸川,8,14:24,投票,6,板橋侑我,A2,静岡,7.15,61.11,5.95,39.53,18,34.67,14,36.27,53.8,28,
2025-04-08,江戸川,9,14:52,投票,1,野村誠,A2,群馬,6.38,47.46,6.37,39.02,16,32.8,65,30.98,51.3,38,
2025-04-08,江戸川,9,14:52,投票,2,山下拓巳,B1,兵庫,4.26,23.6,0.0,0.0,40,35.23,29,30.53,52.4,23,
2025-04-08,江戸川,9,14:52,投票,3,村松遥輝,B1,静岡,3.46,16.09,0.0,0.0,29,36.14,68,33.85,57.2,21,
2025-04-08,江戸川,9,14:52,投票,4,江本真治,A2,山口,5.69,38.58,1.5,0.0,45,28.57,21,34.78,54.6,50,
2025-04-08,江戸川,9,14:52,投票,5,村上彰一,B1,福岡,4.7,22.39,4.46,27.03,65,26.23,15,34.67,57.2,41,
2025-04-08,江戸川,9,14:52,投票,6,高橋勲,B1,東京,5.66,41.8,5.42,33.33,27,28.65,70,36.73,60.4,57,
2025-04-08,江戸川,10,15:22,投票,1,浜先真範,A2,広島,7.16,52.46,6.94,52.94,64,27.06,56,39.9,52.9,31,
2025-04-08,江戸川,10,15:22,投票,2,和田操拓,A2,滋賀,5.96,37.96,5.56,34.38,46,27.93,16,38.92,50.6,40,
2025-04-08,江戸川,10,15:22,投票,3,倉富大誠,B2,愛知,4.13,22.02,3.52,16.13,38,30.95,52,40.0,51.6,23,
2025-04-08,江戸川,10,15:22,投票,4,宮地博士,B1,長崎,4.31,17.78,4.14,28.57,20,32.49,66,30.1,54.8,46,
2025-04-08,江戸川,10,15:22,投票,5,三川昂暁,A2,福岡,5.68,38.83,4.38,7.69,55,31.79,26,37.56,54.5,36,
2025-04-08,江戸川,10,15:22,投票,6,小林基樹,B1,山口,4.41,25.0,2.78,11.11,11,30.51,46,30.73,53.9,45,
2025-04-08,江戸川,11,15:53,投票,1,秦英悟,A2,大阪,6.86,51.16,3.8,20.0,54,36.32,28,32.5,52.6,39,
2025-04-08,江戸川,11,15:53,投票,2,金子萌,A2,静岡,5.45,37.72,5.59,39.13,17,32.86,58,30.11,51.9,34,
2025-04-08,江戸川,11,15:53,投票,3,真庭明志,A2,長崎,4.86,27.43,4.75,18.75,36,43.5,13,33.5,52.9,41,
2025-04-08,江戸川,11,15:53,投票,4,品川賢次,B1,群馬,4.44,26.47,4.79,22.81,33,34.2,43,28.77,55.7,51,
2025-04-08,江戸川,11,15:53,投票,5,沼田大都,B1,愛知,5.14,30.21,6.33,44.44,21,43.81,59,38.05,51.5,28,
2025-04-08,江戸川,11,15:53,投票,6,永松良教,B1,福岡,3.37,16.9,3.78,22.22,32,34.39,34,38.33,54.0,25,
2025-04-08,江戸川,12,16:25,投票,1,原田篤志,A1,山口,6.21,45.59,6.63,51.43,13,39.22,62,36.04,52.1,45,
2025-04-08,江戸川,12,16:25,投票,2,吉川喜継,A1,滋賀,6.38,45.24,0.0,0.0,39,44.79,55,34.9,51.2,43,
2025-04-08,江戸川,12,16:25,投票,3,平田健之佑,A1,三重,6.02,47.46,6.6,51.43,56,31.21,47,38.05,53.2,38,
2025-04-08,江戸川,12,16:25,投票,4,島田賢人,A1,埼玉,6.56,47.06,0.0,0.0,30,34.9,17,31.84,55.2,37,
2025-04-08,江戸川,12,16:25,投票,5,馬野耀,A1,大阪,5.51,29.76,5.38,37.5,50,30.85,32,34.29,54.5,31,
2025-04-08,江戸川,12,16:25,投票,6,飯山泰,A2,東京,6.06,40.95,5.8,30.95,31,39.32,48,30.43,51.4,47,
2025-04-08,常滑,1,10:24,投票,1,津田裕絵,A2,山口,5.05,27.47,5.49,25.71,3,29.79,30,29.09,49.3,38,
2025-04-08,常滑,1,10:24,投票,2,伊藤栞,B2,愛知,1.59,0.0,1.47,0.0,5,38.54,69,26.45,57.9,21,
2025-04-08,常滑,1,10:24,投票,3,菅野はやか,B2,広島,3.84,13.58,5.0,40.0,23,30.68,54,39.76,52.0,42,
2025-04-08,常滑,1,10:24,投票,4,山下夏鈴,A2,三重,4.84,30.21,0.0,0.0,55,29.79,37,42.77,44.0,27,
2025-04-08,常滑,1,10:24,投票,5,坂咲友理,B1,大阪,3.81,16.28,0.0,0.0,62,27.91,70,33.52,44.5,35,
2025-04-08,常滑,1,10:24,投票,6,伊藤玲奈,B1,福岡,4.99,29.33,0.0,0.0,10,34.07,27,32.34,46.5,32,
2025-04-08,常滑,2,10:54,投票,1,安達美帆,B1,埼玉,3.04,13.04,3.48,16.0,41,34.52,55,22.29,47.0,49,
2025-04-08,常滑,2,10:54,投票,2,福島陽子,B1,岡山,3.83,19.72,4.3,20.0,17,36.36,68,29.33,48.8,56,
2025-04-08,常滑,2,10:54,投票,3,向井美鈴,A1,山口,5.12,27.35,5.66,40.0,29,33.33,44,34.41,46.0,45,
2025-04-08,常滑,2,10:54,投票,4,水野望美,A2,愛知,4.89,31.82,5.27,37.84,44,35.48,50,35.96,47.0,36,
2025-04-08,常滑,2,10:54,投票,5,永田楽,B1,愛知,2.98,12.79,2.07,3.64,37,37.5,40,32.18,45.5,22,
2025-04-08,常滑,2,10:54,投票,6,犬童千秋,B1,福岡,5.33,35.63,0.0,0.0,24,25.0,14,27.95,49.3,39,
2025-04-08,常滑,3,11:24,投票,1,中川りな,A2,福岡,5.75,41.9,0.0,0.0,45,41.86,65,34.78,49.5,31,
2025-04-08,常滑,3,11:24,投票,2,山本梨菜,B1,佐賀,5.83,33.33,0.0,0.0,48,31.91,48,36.46,46.5,27,
2025-04-08,常滑,3,11:24,投票,3,中里優子,B1,埼玉,5.17,31.71,4.43,14.29,60,36.59,36,34.91,47.1,52,
2025-04-08,常滑,3,11:24,投票,4,中村紋夕梨,B2,愛知,1.55,0.0,1.12,0.0,46,34.83,75,30.06,47.0,21,
2025-04-08,常滑,3,11:24,投票,5,海野ゆかり,A1,広島,5.6,35.77,6.3,50.0,36,25.93,64,27.68,45.5,51,
2025-04-08,常滑,3,11:24,投票,6,中尾彩香,B1,福岡,3.85,18.87,0.0,0.0,34,50.6,11,34.1,47.2,23,
2025-04-08,常滑,4,11:54,投票,1,松田真実,B2,愛知,3.56,17.86,2.41,9.26,42,25.64,28,52.07,47.2,23,
2025-04-08,常滑,4,11:54,投票,2,山田理央,A2,香川,5.58,32.74,5.43,14.29,19,42.86,35,30.95,47.0,24,
2025-04-08,常滑,4,11:54,投票,3,土屋千明,A1,群馬,6.58,44.32,0.0,0.0,59,40.22,29,39.41,45.5,42,
2025-04-08,常滑,4,11:54,投票,4,加藤奈月,B1,福井,4.07,19.12,0.0,0.0,57,32.98,67,25.97,54.4,36,
2025-04-08,常滑,4,11:54,投票,5,池田奈津美,B1,福岡,4.48,28.92,0.0,0.0,56,40.66,19,42.69,50.2,31,
2025-04-08,常滑,4,11:54,投票,6,宮崎安奈,B1,埼玉,4.31,19.75,3.89,11.11,40,29.07,12,25.3,48.1,26,
2025-04-08,常滑,5,12:21,投票,1,笠野友紀恵,B1,愛知,3.42,11.54,3.55,17.39,11,38.82,45,31.14,47.1,54,
2025-04-08,常滑,5,12:21,投票,2,山口真喜子,A2,長崎,5.94,42.73,2.93,20.0,51,43.37,17,32.37,48.5,28,
2025-04-08,常滑,5,12:21,投票,3,真子奈津実,B1,福岡,4.48,20.24,0.0,0.0,30,18.84,51,30.63,47.5,36,
2025-04-08,常滑,5,12:21,投票,4,倉田郁美,B1,静岡,4.77,22.73,4.93,34.88,22,55.42,47,31.54,48.7,57,
2025-04-08,常滑,5,12:21,投票,5,諏訪玲奈,B2,岡山,1.57,0.0,0.0,0.0,35,42.17,21,27.04,48.5,22,
2025-04-08,常滑,5,12:21,投票,6,細川裕子,A1,愛知,6.18,43.0,7.33,58.62,18,53.75,74,36.26,47.2,43,
2025-04-08,常滑,6,12:48,投票,1,向井美鈴,A1,山口,5.12,27.35,5.66,40.0,29,33.33,44,34.41,46.0,45,
2025-04-08,常滑,6,12:48,投票,2,新田芳美,B1,徳島,4.53,20.0,5.36,27.27,25,40.0,33,24.85,47.7,55,
2025-04-08,常滑,6,12:48,投票,3,伊藤玲奈,B1,福岡,4.99,29.33,0.0,0.0,10,34.07,27,32.34,46.5,32,
2025-04-08,常滑,6,12:48,投票,4,柴田百恵,B1,静岡,5.17,27.78,5.32,30.56,50,31.76,38,30.81,45.5,25,
2025-04-08,常滑,6,12:48,投票,5,平高奈菜,A1,香川,7.36,56.03,5.9,40.0,47,34.04,25,31.74,46.0,37,
2025-04-08,常滑,6,12:48,投票,6,井澤聖奈,B2,愛知,1.29,0.0,1.07,0.0,8,26.19,60,24.2,47.7,21,
2025-04-08,常滑,7,13:22,投票,1,水野望美,A2,愛知,4.89,31.82,5.27,37.84,44,35.48,50,35.96,47.0,36,
2025-04-08,常滑,7,13:22,投票,2,五反田忍,B1,大阪,4.67,32.76,0.0,0.0,20,28.57,56,33.33,49.6,51,
2025-04-08,常滑,7,13:22,投票,3,山本梨菜,B1,佐賀,5.83,33.33,0.0,0.0,48,31.91,48,36.46,46.5,27,
2025-04-08,常滑,7,13:22,投票,4,角ひとみ,B1,広島,5.01,32.99,0.0,0.0,2,44.21,16,33.33,45.5,56,
2025-04-08,常滑,7,13:22,投票,5,伊藤栞,B2,愛知,1.59,0.0,1.47,0.0,5,38.54,69,26.45,57.9,21,
2025-04-08,常滑,7,13:22,投票,6,中谷朋子,A1,兵庫,6.19,43.82,6.21,41.38,4,32.94,53,25.77,45.0,48,
2025-04-08,常滑,8,13:56,投票,1,三浦永理,A1,静岡,7.51,53.47,6.92,52.11,61,47.62,24,30.46,47.0,42,
2025-04-08,常滑,8,13:56,投票,2,西村歩,B1,大阪,5.5,34.45,6.88,58.82,21,35.8,31,34.94,47.8,39,
2025-04-08,常滑,8,13:56,投票,3,安達美帆,B1,埼玉,3.04,13.04,3.48,16.0,41,34.52,55,22.29,47.0,49,
2025-04-08,常滑,8,13:56,投票,4,津田裕絵,A2,山口,5.05,27.47,5.49,25.71,3,29.79,30,29.09,49.3,38,
2025-04-08,常滑,8,13:56,投票,5,谷川里江,B1,愛知,5.19,36.36,5.3,31.48,16,34.07,49,32.1,46.0,57,
2025-04-08,常滑,8,13:56,投票,6,中村紋夕梨,B2,愛知,1.55,0.0,1.12,0.0,46,34.83,75,30.06,47.0,21,
2025-04-08,常滑,9,14:32,投票,1,中里優子,B1,埼玉,5.17,31.71,4.43,14.29,60,36.59,36,34.91,47.1,52,
2025-04-08,常滑,9,14:32,投票,2,加藤奈月,B1,福井,4.07,19.12,0.0,0.0,57,32.98,67,25.97,54.4,36,
2025-04-08,常滑,9,14:32,投票,3,細川裕子,A1,愛知,6.18,43.0,7.33,58.62,18,53.75,74,36.26,47.2,43,
2025-04-08,常滑,9,14:32,投票,4,福島陽子,B1,岡山,3.83,19.72,4.3,20.0,17,36.36,68,29.33,48.8,56,
2025-04-08,常滑,9,14:32,投票,5,山下夏鈴,A2,三重,4.84,30.21,0.0,0.0,55,29.79,37,42.77,44.0,27,
2025-04-08,常滑,9,14:32,投票,6,樋江井舞,B2,愛知,2.08,4.6,1.56,0.0,53,41.41,66,25.5,45.5,23,
2025-04-08,常滑,10,15:08,投票,1,海野ゆかり,A1,広島,5.6,35.77,6.3,50.0,36,25.93,64,27.68,45.5,51,
2025-04-08,常滑,10,15:08,投票,2,倉田郁美,B1,静岡,4.77,22.73,4.93,34.88,22,55.42,47,31.54,48.7,57,
2025-04-08,常滑,10,15:08,投票,3,坂咲友理,B1,大阪,3.81,16.28,0.0,0.0,62,27.91,70,33.52,44.5,35,
2025-04-08,常滑,10,15:08,投票,4,松田真実,B2,愛知,3.56,17.86,2.41,9.26,42,25.64,28,52.07,47.2,23,
2025-04-08,常滑,10,15:08,投票,5,松瀬弘美,A2,静岡,5.01,26.74,4.14,28.57,15,46.59,18,35.03,47.0,54,
2025-04-08,常滑,10,15:08,投票,6,永田楽,B1,愛知,2.98,12.79,2.07,3.64,37,37.5,40,32.18,45.5,22,
2025-04-08,常滑,11,15:44,投票,1,土屋千明,A1,群馬,6.58,44.32,0.0,0.0,59,40.22,29,39.41,45.5,42,
2025-04-08,常滑,11,15:44,投票,2,犬童千秋,B1,福岡,5.33,35.63,0.0,0.0,24,25.0,14,27.95,49.3,39,
2025-04-08,常滑,11,15:44,投票,3,角ひとみ,B1,広島,5.01,32.99,0.0,0.0,2,44.21,16,33.33,45.5,56,
2025-04-08,常滑,11,15:44,投票,4,中川りな,A2,福岡,5.75,41.9,0.0,0.0,45,41.86,65,34.78,49.5,31,
2025-04-08,常滑,11,15:44,投票,5,柴田百恵,B1,静岡,5.17,27.78,5.32,30.56,50,31.76,38,30.81,45.5,25,
2025-04-08,常滑,11,15:44,投票,6,山口真喜子,A2,長崎,5.94,42.73,2.93,20.0,51,43.37,17,32.37,48.5,28,
2025-04-08,常滑,12,16:20,投票,1,平高奈菜,A1,香川,7.36,56.03,5.9,40.0,47,34.04,25,31.74,46.0,37,
2025-04-08,常滑,12,16:20,投票,2,中谷朋子,A1,兵庫,6.19,43.82,6.21,41.38,4,32.94,53,25.77,45.0,48,
2025-04-08,常滑,12,16:20,投票,3,三浦永理,A1,静岡,7.51,53.47,6.92,52.11,61,47.62,24,30.46,47.0,42,
2025-04-08,常滑,12,16:20,投票,4,宇野弥生,A2,愛知,6.0,44.04,5.54,37.7,32,16.25,15,44.83,47.7,39,
2025-04-08,常滑,12,16:20,投票,5,中田夕貴,A2,埼玉,5.37,35.92,6.5,60.0,14,34.07,22,33.14,47.0,32,
2025-04-08,常滑,12,16:20,投票,6,勝浦真帆,A2,岡山,6.48,53.28,4.47,23.53,28,25.0,72,34.43,48.2,29,
2025-04-08,津,1,10:36,投票,1,木村仁紀,A1,滋賀,6.68,45.63,7.1,70.0,25,43.75,32,46.67,52.8,32,
2025-04-08,津,1,10:36,投票,2,末永由楽,A1,岡山,6.48,45.3,5.0,26.32,54,31.25,29,35.29,53.7,38,
2025-04-08,津,1,10:36,投票,3,中嶋健一郎,A1,三重,6.81,47.73,6.82,49.12,27,29.27,43,29.82,52.3,35,
2025-04-08,津,1,10:36,投票,4,島村隆幸,A1,徳島,6.95,43.48,6.0,40.0,18,28.89,73,36.11,51.0,34,
2025-04-08,津,1,10:36,投票,5,有賀達也,A1,埼玉,5.91,44.14,6.91,52.94,65,25.0,36,32.26,52.0,39,
2025-04-08,津,1,10:36,投票,6,中山雄太,A1,愛知,6.61,49.0,6.78,50.0,22,39.58,71,25.86,52.4,40,
2025-04-08,津,2,11:05,投票,1,前沢丈史,A1,東京,6.57,48.36,0.0,0.0,17,31.71,69,34.55,54.5,39,
2025-04-08,津,2,11:05,投票,2,和田兼輔,A1,兵庫,7.06,52.1,5.67,22.22,59,29.41,14,45.71,52.0,38,
2025-04-08,津,2,11:05,投票,3,松尾拓,A1,三重,6.23,44.8,6.76,48.76,47,28.85,34,28.26,51.5,36,
2025-04-08,津,2,11:05,投票,4,磯部誠,A1,愛知,7.05,42.73,8.3,56.52,53,26.09,53,30.43,54.0,34,
2025-04-08,津,2,11:05,投票,5,三嶌誠司,A1,香川,6.8,51.4,5.75,41.67,69,56.76,24,30.95,52.3,56,
2025-04-08,津,2,11:05,投票,6,佐々木完太,A1,山口,6.57,46.73,0.0,0.0,34,42.11,44,34.62,51.5,28,
2025-04-08,津,3,11:34,投票,1,須藤博倫,A1,埼玉,6.92,50.67,5.58,31.58,30,38.64,68,52.78,52.0,47,
2025-04-08,津,3,11:34,投票,2,仲口博崇,A1,愛知,6.63,51.28,5.16,36.0,41,38.0,74,30.77,52.0,52,
2025-04-08,津,3,11:34,投票,3,高田ひかる,A1,三重,5.82,37.11,7.1,56.38,61,35.09,60,51.16,47.0,30,
2025-04-08,津,3,11:34,投票,4,馬場貴也,A1,滋賀,7.29,43.81,6.07,35.71,76,34.21,48,35.0,52.6,41,
2025-04-08,津,3,11:34,投票,5,西山貴浩,A1,福岡,7.1,42.86,7.11,33.33,56,31.82,19,43.75,52.0,37,
2025-04-08,津,3,11:34,投票,6,常住蓮,A1,佐賀,6.98,50.78,0.0,0.0,64,18.75,72,62.79,50.5,24,
2025-04-08,津,4,12:04,投票,1,渡邉優美,A1,福岡,7.0,53.57,8.0,62.5,51,31.82,49,28.57,47.6,32,
2025-04-08,津,4,12:04,投票,2,重成一人,A1,香川,6.75,53.08,5.76,29.41,52,58.82,27,29.73,53.8,46,
2025-04-08,津,4,12:04,投票,3,服部幸男,A1,静岡,6.83,56.73,7.0,61.54,67,29.17,28,36.0,55.2,54,
2025-04-08,津,4,12:04,投票,4,井口佳典,A1,三重,7.14,50.5,7.92,64.0,11,38.89,23,26.09,52.2,47,
2025-04-08,津,4,12:04,投票,5,徳増秀樹,A1,静岡,7.2,60.78,0.0,0.0,29,42.22,25,37.14,52.0,50,
2025-04-08,津,4,12:04,投票,6,齊藤仁,A1,東京,6.55,36.72,7.09,63.64,21,32.0,39,44.44,51.0,47,
2025-04-08,津,5,12:34,投票,1,篠崎元志,A1,福岡,7.02,44.72,5.25,25.0,71,39.22,75,44.83,52.1,39,
2025-04-08,津,5,12:34,投票,2,有賀達也,A1,埼玉,5.91,44.14,6.91,52.94,65,25.0,36,32.26,52.0,39,
2025-04-08,津,5,12:34,投票,3,新開航,A1,福岡,7.0,49.49,7.27,72.73,37,45.1,17,42.86,51.5,29,
2025-04-08,津,5,12:34,投票,4,豊田健士郎,A1,三重,7.11,52.43,7.68,65.25,20,48.0,59,29.09,52.1,29,
2025-04-08,津,5,12:34,投票,5,中山雄太,A1,愛知,6.61,49.0,6.78,50.0,22,39.58,71,25.86,52.4,40,
2025-04-08,津,5,12:34,投票,6,木下翔太,A1,大阪,6.45,41.13,6.26,42.11,50,35.9,76,38.46,53.7,34,
2025-04-08,津,6,13:04,投票,1,島村隆幸,A1,徳島,6.95,43.48,6.0,40.0,18,28.89,73,36.11,51.0,34,
2025-04-08,津,6,13:04,投票,2,松尾拓,A1,三重,6.23,44.8,6.76,48.76,47,28.85,34,28.26,51.5,36,
2025-04-08,津,6,13:04,投票,3,遠藤エミ,A1,滋賀,6.85,41.38,7.95,56.76,12,46.88,22,30.43,45.0,37,
2025-04-08,津,6,13:04,投票,4,末永由楽,A1,岡山,6.48,45.3,5.0,26.32,54,31.25,29,35.29,53.7,38,
2025-04-08,津,6,13:04,投票,5,前沢丈史,A1,東京,6.57,48.36,0.0,0.0,17,31.71,69,34.55,54.5,39,
2025-04-08,津,6,13:04,投票,6,入海馨,A1,岡山,6.09,40.91,8.43,85.71,26,39.58,70,39.53,52.4,29,
2025-04-08,津,7,13:35,投票,1,磯部誠,A1,愛知,7.05,42.73,8.3,56.52,53,26.09,53,30.43,54.0,34,
2025-04-08,津,7,13:35,投票,2,中嶋健一郎,A1,三重,6.81,47.73,6.82,49.12,27,29.27,43,29.82,52.3,35,
2025-04-08,津,7,13:35,投票,3,木村仁紀,A1,滋賀,6.68,45.63,7.1,70.0,25,43.75,32,46.67,52.8,32,
2025-04-08,津,7,13:35,投票,4,三嶌誠司,A1,香川,6.8,51.4,5.75,41.67,69,56.76,24,30.95,52.3,56,
2025-04-08,津,7,13:35,投票,5,常住蓮,A1,佐賀,6.98,50.78,0.0,0.0,64,18.75,72,62.79,50.5,24,
2025-04-08,津,7,13:35,投票,6,高田ひかる,A1,三重,5.82,37.11,7.1,56.38,61,35.09,60,51.16,47.0,30,
2025-04-08,津,8,14:06,投票,1,井口佳典,A1,三重,7.14,50.5,7.92,64.0,11,38.89,23,26.09,52.2,47,
2025-04-08,津,8,14:06,投票,2,杉山裕也,A1,愛知,6.79,47.42,6.72,38.89,73,36.36,35,39.02,52.0,39,
2025-04-08,津,8,14:06,投票,3,渡邉優美,A1,福岡,7.0,53.57,8.0,62.5,51,31.82,49,28.57,47.6,32,
2025-04-08,津,8,14:06,投票,4,仲口博崇,A1,愛知,6.63,51.28,5.16,36.0,41,38.0,74,30.77,52.0,52,
2025-04-08,津,8,14:06,投票,5,須藤博倫,A1,埼玉,6.92,50.67,5.58,31.58,30,38.64,68,52.78,52.0,47,
2025-04-08,津,8,14:06,投票,6,和田兼輔,A1,兵庫,7.06,52.1,5.67,22.22,59,29.41,14,45.71,52.0,38,
2025-04-08,津,9,14:37,投票,1,馬場貴也,A1,滋賀,7.29,43.81,6.07,35.71,76,34.21,48,35.0,52.6,41,
2025-04-08,津,9,14:37,投票,2,佐々木完太,A1,山口,6.57,46.73,0.0,0.0,34,42.11,44,34.62,51.5,28,
2025-04-08,津,9,14:37,投票,3,豊田健士郎,A1,三重,7.11,52.43,7.68,65.25,20,48.0,59,29.09,52.1,29,
2025-04-08,津,9,14:37,投票,4,徳増秀樹,A1,静岡,7.2,60.78,0.0,0.0,29,42.22,25,37.14,52.0,50,
2025-04-08,津,9,14:37,投票,5,篠崎元志,A1,福岡,7.02,44.72,5.25,25.0,71,39.22,75,44.83,52.1,39,
2025-04-08,津,9,14:37,投票,6,重成一人,A1,香川,6.75,53.08,5.76,29.41,52,58.82,27,29.73,53.8,46,
2025-04-08,津,10,15:14,投票,1,井上一輝,A1,大阪,7.27,51.88,8.05,71.43,31,55.88,12,31.91,52.0,30,
2025-04-08,津,10,15:14,投票,2,稲田浩二,A1,兵庫,7.06,47.71,0.0,0.0,63,50.0,57,28.57,52.0,40,
2025-04-08,津,10,15:14,投票,3,新田雄史,A1,三重,7.69,59.29,7.53,69.23,75,43.75,16,49.12,52.0,40,
2025-04-08,津,10,15:14,投票,4,佐藤隆太郎,A1,東京,7.25,51.96,6.65,50.0,55,32.43,51,39.29,52.0,30,
2025-04-08,津,10,15:14,投票,5,柳生泰二,A1,山口,6.64,44.68,7.35,57.69,68,40.0,11,31.82,52.8,40,
2025-04-08,津,10,15:14,投票,6,土屋智則,A1,群馬,6.98,44.44,6.36,54.55,39,51.28,40,33.33,53.2,40,
2025-04-08,津,11,15:51,投票,1,茅原悠紀,A1,岡山,9.0,67.47,6.44,22.22,43,32.65,64,37.04,52.0,37,
2025-04-08,津,11,15:51,投票,2,宮地元輝,A1,佐賀,7.09,45.79,7.5,50.0,44,25.81,62,30.43,54.7,38,
2025-04-08,津,11,15:51,投票,3,萩原秀人,A1,福井,7.14,49.57,6.15,45.0,19,34.29,55,48.94,52.6,45,
2025-04-08,津,11,15:51,投票,4,中島孝平,A1,福井,6.72,43.68,6.58,47.37,45,32.43,52,37.5,52.0,45,
2025-04-08,津,11,15:51,投票,5,山田祐也,A1,徳島,6.52,42.73,6.94,50.0,24,42.5,33,32.69,52.9,35,
2025-04-08,津,11,15:51,投票,6,羽野直也,A1,福岡,7.17,43.94,6.0,41.67,74,32.79,56,34.09,54.9,30,
2025-04-08,津,12,16:30,投票,1,菅章哉,A1,徳島,6.88,48.45,6.81,52.38,28,41.18,61,21.43,52.0,36,
2025-04-08,津,12,16:30,投票,2,仲谷颯仁,A1,福岡,7.43,52.59,7.05,50.0,35,31.48,67,28.26,52.0,30,
2025-04-08,津,12,16:30,投票,3,森高一真,A1,香川,6.51,40.37,7.11,66.67,60,34.09,38,43.59,50.5,46,
2025-04-08,津,12,16:30,投票,4,深谷知博,A1,静岡,6.75,41.12,7.05,40.91,38,28.57,41,36.59,52.0,37,
2025-04-08,津,12,16:30,投票,5,松本純平,A1,埼玉,7.04,52.53,6.72,50.0,46,32.61,45,25.45,52.0,30,
2025-04-08,津,12,16:30,投票,6,長田頼宗,A1,東京,6.65,45.16,7.7,63.64,57,23.08,63,28.95,52.4,39,
2025-04-08,尼崎,1,10:45,投票,1,松下知幸,B1,香川,4.58,26.0,0.0,0.0,54,0.0,26,28.57,50.6,51,
2025-04-08,尼崎,1,10:45,投票,2,安藤裕貴,B2,愛知,4.01,23.17,0.0,0.0,16,0.0,71,0.0,53.8,50,
2025-04-08,尼崎,1,10:45,投票,3,森悠稀,A2,兵庫,5.96,45.0,5.52,36.36,12,33.33,15,62.5,53.5,32,
2025-04-08,尼崎,1,10:45,投票,4,高橋真吾,B1,埼玉,4.89,31.25,4.04,19.23,59,0.0,16,40.0,58.4,52,
2025-04-08,尼崎,1,10:45,投票,5,佐藤大騎,B1,大阪,4.39,21.43,3.44,11.11,55,0.0,19,57.14,50.5,40,
2025-04-08,尼崎,1,10:45,投票,6,柴田朋哉,B1,福岡,4.28,18.99,0.0,0.0,25,14.29,69,0.0,54.0,34,
2025-04-08,尼崎,2,11:09,投票,1,汐崎正則,B1,愛知,4.66,21.43,5.44,40.0,9,55.56,20,14.29,54.5,48,
2025-04-08,尼崎,2,11:09,投票,2,山本浩次,B1,岡山,4.14,21.21,4.0,10.0,8,37.5,49,22.22,52.6,52,
2025-04-08,尼崎,2,11:09,投票,3,小林泰,A1,東京,6.04,43.14,6.3,45.95,6,28.57,64,0.0,55.9,40,
2025-04-08,尼崎,2,11:09,投票,4,浜本裕己,B1,大阪,4.81,29.17,4.77,30.77,24,50.0,53,14.29,50.9,37,
2025-04-08,尼崎,2,11:09,投票,5,間嶋仁志,B1,三重,6.29,51.4,6.88,62.5,60,0.0,67,0.0,55.1,55,
2025-04-08,尼崎,2,11:09,投票,6,金児隆太,A2,群馬,5.87,41.73,4.33,11.11,57,0.0,55,28.57,53.3,37,
2025-04-08,尼崎,3,11:33,投票,1,永井亮次,B1,大阪,4.56,27.78,4.0,16.13,53,0.0,59,0.0,52.0,36,
2025-04-08,尼崎,3,11:33,投票,2,一瀬明,A2,東京,6.18,44.07,6.69,48.28,13,28.57,17,55.56,51.8,53,
2025-04-08,尼崎,3,11:33,投票,3,阪本勇介,B1,岡山,4.47,22.47,4.63,25.0,56,0.0,23,77.78,54.5,37,
2025-04-08,尼崎,3,11:33,投票,4,坪井爽佑,B2,三重,3.77,22.86,2.0,0.0,19,62.5,63,0.0,56.9,28,
2025-04-08,尼崎,3,11:33,投票,5,市川健太,B1,滋賀,5.52,31.18,4.33,18.52,48,0.0,13,28.57,53.5,27,
2025-04-08,尼崎,3,11:33,投票,6,松崎祐太郎,A1,福岡,6.52,51.4,6.62,47.62,61,0.0,51,50.0,52.3,37,
2025-04-08,尼崎,4,12:03,投票,1,木村光宏,B1,香川,4.26,24.56,4.38,25.0,7,14.29,18,37.5,57.2,54,
2025-04-08,尼崎,4,12:03,投票,2,石田豪,B1,広島,4.89,28.75,5.16,31.58,1,37.5,68,0.0,52.2,59,
2025-04-08,尼崎,4,12:03,投票,3,天野晶夫,A2,愛知,6.22,36.96,5.95,31.82,20,0.0,52,0.0,57.9,51,
2025-04-08,尼崎,4,12:03,投票,4,池田雷太,B1,東京,4.85,29.17,0.0,0.0,10,25.0,58,0.0,53.4,59,
2025-04-08,尼崎,4,12:03,投票,5,大澤普司,A2,群馬,6.45,49.46,5.88,41.67,28,28.57,21,37.5,54.4,50,
2025-04-08,尼崎,4,12:03,投票,6,鈴木柊介,B2,静岡,1.46,1.43,0.0,0.0,5,57.14,73,0.0,56.6,20,
2025-04-08,尼崎,5,12:32,投票,1,佐藤大騎,B1,大阪,4.39,21.43,3.44,11.11,55,0.0,19,57.14,50.5,40,
2025-04-08,尼崎,5,12:32,投票,2,島川光男,A1,広島,5.61,40.0,5.93,45.9,22,0.0,14,55.56,53.7,60,
2025-04-08,尼崎,5,12:32,投票,3,倉尾大介,B1,福岡,5.07,27.54,4.69,25.71,14,77.78,48,0.0,55.1,50,
2025-04-08,尼崎,5,12:32,投票,4,上村慎太郎,B1,山口,3.48,13.33,0.0,0.0,58,0.0,70,0.0,50.6,37,
2025-04-08,尼崎,5,12:32,投票,5,野長瀬正孝,A2,静岡,6.17,43.62,5.29,26.47,50,0.0,54,33.33,51.8,57,
2025-04-08,尼崎,5,12:32,投票,6,丹下健,B1,愛知,4.82,31.52,3.43,14.29,15,28.57,24,14.29,53.6,44,
2025-04-08,尼崎,6,13:11,投票,1,前田聖文,A1,愛知,6.67,49.53,0.0,0.0,18,0.0,22,28.57,55.6,36,
2025-04-08,尼崎,6,13:11,投票,2,高橋真吾,B1,埼玉,4.89,31.25,4.04,19.23,59,0.0,16,40.0,58.4,52,
2025-04-08,尼崎,6,13:11,投票,3,野末智一,B1,静岡,5.65,39.64,4.36,21.43,11,28.57,60,100.0,50.7,46,
2025-04-08,尼崎,6,13:11,投票,4,照屋厚仁,A2,兵庫,5.78,42.02,5.88,42.73,21,14.29,62,0.0,51.7,40,
2025-04-08,尼崎,6,13:11,投票,5,山本浩次,B1,岡山,4.14,21.21,4.0,10.0,8,37.5,49,22.22,52.6,52,
2025-04-08,尼崎,6,13:11,投票,6,廣中良一,B1,山口,3.93,20.45,4.17,21.74,17,37.5,57,0.0,51.2,48,
2025-04-08,尼崎,7,13:43,投票,1,齋藤和政,B1,愛知,4.58,19.19,4.37,21.05,4,37.5,61,0.0,54.3,54,
2025-04-08,尼崎,7,13:43,投票,2,金児隆太,A2,群馬,5.87,41.73,4.33,11.11,57,0.0,55,28.57,53.3,37,
2025-04-08,尼崎,7,13:43,投票,3,市川健太,B1,滋賀,5.52,31.18,4.33,18.52,48,0.0,13,28.57,53.5,27,
2025-04-08,尼崎,7,13:43,投票,4,山田佑樹,A2,岡山,5.24,38.46,5.67,41.67,27,55.56,50,55.56,58.1,38,
2025-04-08,尼崎,7,13:43,投票,5,桐本康臣,A1,三重,6.35,52.0,5.96,39.29,3,28.57,75,0.0,53.9,45,
2025-04-08,尼崎,7,13:43,投票,6,川島拓郎,B1,静岡,3.94,16.33,0.0,0.0,49,0.0,66,0.0,52.9,36,
2025-04-08,尼崎,8,14:11,投票,1,吉村誠,A2,静岡,5.69,36.43,6.0,57.14,47,0.0,56,0.0,50.4,35,
2025-04-08,尼崎,8,14:11,投票,2,中村将隆,B1,兵庫,3.77,14.29,5.05,30.36,52,0.0,12,66.67,54.5,28,
2025-04-08,尼崎,8,14:11,投票,3,堂原洋史,B1,埼玉,4.12,11.24,0.0,0.0,23,25.0,25,0.0,51.3,55,
2025-04-08,尼崎,8,14:11,投票,4,片橋幸貴,A1,滋賀,6.88,51.43,6.74,57.89,26,50.0,11,25.0,54.5,36,
2025-04-08,尼崎,8,14:11,投票,5,安藤裕貴,B2,愛知,4.01,23.17,0.0,0.0,16,0.0,71,0.0,53.8,50,
2025-04-08,尼崎,8,14:11,投票,6,三村岳人,A2,岡山,5.7,38.38,4.24,17.24,51,0.0,72,0.0,52.3,25,
2025-04-08,尼崎,9,14:39,投票,1,大澤普司,A2,群馬,6.45,49.46,5.88,41.67,28,28.57,21,37.5,54.4,50,
2025-04-08,尼崎,9,14:39,投票,2,折下寛法,A2,東京,5.34,31.03,0.0,0.0,2,40.0,74,0.0,52.0,51,
2025-04-08,尼崎,9,14:39,投票,3,丹下健,B1,愛知,4.82,31.52,3.43,14.29,15,28.57,24,14.29,53.6,44,
2025-04-08,尼崎,9,14:39,投票,4,松下知幸,B1,香川,4.58,26.0,0.0,0.0,54,0.0,26,28.57,50.6,51,
2025-04-08,尼崎,9,14:39,投票,5,阪本勇介,B1,岡山,4.47,22.47,4.63,25.0,56,0.0,23,77.78,54.5,37,
2025-04-08,尼崎,9,14:39,投票,6,関口智久,A2,埼玉,5.72,36.84,7.09,45.45,29,55.56,65,25.0,54.8,46,
2025-04-08,尼崎,10,15:07,投票,1,野長瀬正孝,A2,静岡,6.17,43.62,5.29,26.47,50,0.0,54,33.33,51.8,57,
2025-04-08,尼崎,10,15:07,投票,2,柴田朋哉,B1,福岡,4.28,18.99,0.0,0.0,25,14.29,69,0.0,54.0,34,
2025-04-08,尼崎,10,15:07,投票,3,照屋厚仁,A2,兵庫,5.78,42.02,5.88,42.73,21,14.29,62,0.0,51.7,40,
2025-04-08,尼崎,10,15:07,投票,4,木村光宏,B1,香川,4.26,24.56,4.38,25.0,7,14.29,18,37.5,57.2,54,
2025-04-08,尼崎,10,15:07,投票,5,汐崎正則,B1,愛知,4.66,21.43,5.44,40.0,9,55.56,20,14.29,54.5,48,
2025-04-08,尼崎,10,15:07,投票,6,一瀬明,A2,東京,6.18,44.07,6.69,48.28,13,28.57,17,55.56,51.8,53,
2025-04-08,尼崎,11,15:38,投票,1,森悠稀,A2,兵庫,5.96,45.0,5.52,36.36,12,33.33,15,62.5,53.5,32,
2025-04-08,尼崎,11,15:38,投票,2,間嶋仁志,B1,三重,6.29,51.4,6.88,62.5,60,0.0,67,0.0,55.1,55,
2025-04-08,尼崎,11,15:38,投票,3,山田佑樹,A2,岡山,5.24,38.46,5.67,41.67,27,55.56,50,55.56,58.1,38,
2025-04-08,尼崎,11,15:38,投票,4,天野晶夫,A2,愛知,6.22,36.96,5.95,31.82,20,0.0,52,0.0,57.9,51,
2025-04-08,尼崎,11,15:38,投票,5,永井亮次,B1,大阪,4.56,27.78,4.0,16.13,53,0.0,59,0.0,52.0,36,
2025-04-08,尼崎,11,15:38,投票,6,野末智一,B1,静岡,5.65,39.64,4.36,21.43,11,28.57,60,100.0,50.7,46,
2025-04-08,尼崎,12,16:15,投票,1,片橋幸貴,A1,滋賀,6.88,51.43,6.74,57.89,26,50.0,11,25.0,54.5,36,
2025-04-08,尼崎,12,16:15,投票,2,桐本康臣,A1,三重,6.35,52.0,5.96,39.29,3,28.57,75,0.0,53.9,45,
2025-04-08,尼崎,12,16:15,投票,3,松崎祐太郎,A1,福岡,6.52,51.4,6.62,47.62,61,0.0,51,50.0,52.3,37,
2025-04-08,尼崎,12,16:15,投票,4,島川光男,A1,広島,5.61,40.0,5.93,45.9,22,0.0,14,55.56,53.7,60,
2025-04-08,尼崎,12,16:15,投票,5,前田聖文,A1,愛知,6.67,49.53,0.0,0.0,18,0.0,22,28.57,55.6,36,
2025-04-08,尼崎,12,16:15,投票,6,小林泰,A1,東京,6.04,43.14,6.3,45.95,6,28.57,64,0.0,55.9,40,
2025-04-08,鳴門,1,08:47,投票,1,寺島美里,A2,東京,5.44,35.19,5.13,50.0,56,0.0,50,0.0,47.0,35,
2025-04-08,鳴門,1,08:47,投票,2,吉永泰弘,B1,香川,5.26,31.18,4.52,23.81,19,0.0,28,0.0,53.6,50,
2025-04-08,鳴門,1,08:47,投票,3,大場広孝,B1,福岡,5.22,26.13,5.88,43.75,17,0.0,39,0.0,55.6,42,
2025-04-08,鳴門,1,08:47,投票,4,上之晃弘,B1,長崎,4.84,28.16,6.04,41.67,18,0.0,33,0.0,54.0,48,
2025-04-08,鳴門,1,08:47,投票,5,山下智己,B1,兵庫,2.89,10.77,3.33,8.33,14,0.0,14,0.0,51.5,21,
2025-04-08,鳴門,1,08:47,投票,6,戸田海咲音,B2,山口,1.14,0.0,0.0,0.0,52,0.0,30,0.0,50.9,18,
2025-04-08,鳴門,2,09:13,投票,1,森安弘雅,B1,香川,5.63,36.0,6.3,60.0,12,0.0,60,0.0,52.0,44,
2025-04-08,鳴門,2,09:13,投票,2,鶴田勇雄,A2,福岡,5.84,39.06,6.0,38.46,35,0.0,58,0.0,52.7,36,
2025-04-08,鳴門,2,09:13,投票,3,吉田凌太朗,A1,愛知,6.13,49.46,7.89,66.67,51,0.0,54,0.0,52.0,31,
2025-04-08,鳴門,2,09:13,投票,4,寺田空詩,B1,山口,4.33,27.45,2.88,5.88,21,0.0,17,0.0,46.5,21,
2025-04-08,鳴門,2,09:13,投票,5,水口由紀,B1,滋賀,4.28,19.72,4.31,17.24,34,0.0,26,0.0,49.0,52,
2025-04-08,鳴門,2,09:13,投票,6,宮内直哉,B1,東京,4.63,30.95,5.87,26.67,30,0.0,24,0.0,52.0,35,
2025-04-08,鳴門,3,09:39,投票,1,幸野史明,B1,福岡,4.14,21.21,3.5,16.67,36,0.0,18,0.0,51.5,39,
2025-04-08,鳴門,3,09:39,投票,2,竹田吉行,A2,徳島,5.32,33.63,5.46,31.78,50,0.0,21,0.0,52.0,40,
2025-04-08,鳴門,3,09:39,投票,3,大崎翔,B1,兵庫,4.7,20.45,5.38,28.57,33,0.0,35,0.0,57.2,37,
2025-04-08,鳴門,3,09:39,投票,4,岡本猛,B1,大阪,4.73,26.67,5.67,33.33,13,0.0,51,0.0,51.0,51,
2025-04-08,鳴門,3,09:39,投票,5,平田さやか,A2,東京,5.95,33.01,6.0,52.94,57,0.0,62,0.0,47.3,40,
2025-04-08,鳴門,3,09:39,投票,6,熊本英一,B1,佐賀,3.91,22.08,2.56,0.0,54,0.0,34,0.0,59.3,46,
2025-04-08,鳴門,4,10:05,投票,1,田川大貴,A2,長崎,5.67,36.67,5.63,39.02,23,0.0,31,0.0,53.9,27,
2025-04-08,鳴門,4,10:05,投票,2,田村慶,B1,徳島,5.38,29.63,5.33,32.5,10,0.0,15,0.0,52.6,24,
2025-04-08,鳴門,4,10:05,投票,3,藤原仙二,B1,滋賀,5.77,36.36,4.66,27.59,61,0.0,11,0.0,53.5,21,
2025-04-08,鳴門,4,10:05,投票,4,米田隆弘,A2,岡山,5.39,33.33,5.89,33.33,31,0.0,52,0.0,53.2,52,
2025-04-08,鳴門,4,10:05,投票,5,竹田和哉,A1,香川,6.44,44.19,6.29,40.48,60,0.0,20,0.0,52.8,31,
2025-04-08,鳴門,4,10:05,投票,6,西川拓利,B1,福岡,4.21,22.83,5.4,20.0,28,0.0,10,0.0,53.3,26,
2025-04-08,鳴門,5,10:34,投票,1,宮野仁,B1,岡山,4.81,23.53,0.0,0.0,15,0.0,56,0.0,53.3,35,
2025-04-08,鳴門,5,10:34,投票,2,小野勇作,B1,佐賀,4.62,24.14,5.37,31.71,37,0.0,13,0.0,50.0,46,
2025-04-08,鳴門,5,10:34,投票,3,樫葉新心,B1,徳島,1.89,1.06,1.62,0.0,39,0.0,55,0.0,45.0,20,
2025-04-08,鳴門,5,10:34,投票,4,池永太,A1,福岡,6.43,41.98,6.92,58.97,27,0.0,25,0.0,52.5,40,
2025-04-08,鳴門,5,10:34,投票,5,荒井輝年,A2,岡山,4.99,30.49,5.47,35.29,58,0.0,59,0.0,56.0,51,
2025-04-08,鳴門,5,10:34,投票,6,谷津幸宏,A2,埼玉,6.27,46.67,7.09,54.55,24,0.0,22,0.0,52.6,44,
2025-04-08,鳴門,6,11:04,投票,1,三苫晃幸,A2,福岡,5.92,38.78,0.0,0.0,16,0.0,16,0.0,53.2,38,
2025-04-08,鳴門,6,11:04,投票,2,喜多須杏奈,B1,徳島,4.92,27.78,5.05,27.59,25,0.0,38,0.0,47.8,34,
2025-04-08,鳴門,6,11:04,投票,3,門間雄大,B1,東京,5.33,24.0,0.0,0.0,59,0.0,53,0.0,53.9,33,
2025-04-08,鳴門,6,11:04,投票,4,石渡鉄兵,A1,東京,6.34,36.79,7.35,47.06,53,0.0,57,0.0,52.2,50,
2025-04-08,鳴門,6,11:04,投票,5,吉永泰弘,B1,香川,5.26,31.18,4.52,23.81,19,0.0,28,0.0,53.6,50,
2025-04-08,鳴門,6,11:04,投票,6,砂長知輝,A2,埼玉,6.66,48.91,6.55,45.45,20,0.0,27,0.0,52.0,25,
2025-04-08,鳴門,7,11:35,投票,1,岡本猛,B1,大阪,4.73,26.67,5.67,33.33,13,0.0,51,0.0,51.0,51,
2025-04-08,鳴門,7,11:35,投票,2,大崎翔,B1,兵庫,4.7,20.45,5.38,28.57,33,0.0,35,0.0,57.2,37,
2025-04-08,鳴門,7,11:35,投票,3,川上聡介,A2,愛知,5.18,30.61,0.0,0.0,29,0.0,29,0.0,56.0,47,
2025-04-08,鳴門,7,11:35,投票,4,西原明生,B1,香川,5.08,27.96,4.07,17.86,22,0.0,32,0.0,54.8,46,
2025-04-08,鳴門,7,11:35,投票,5,葛原大陽,A1,徳島,6.18,43.44,6.41,49.59,26,0.0,37,0.0,52.5,41,
2025-04-08,鳴門,7,11:35,投票,6,渡邊雄一郎,A1,大阪,6.67,54.65,6.58,38.46,38,0.0,23,0.0,52.6,39,
2025-04-08,鳴門,8,12:07,投票,1,村上功祐,B1,大阪,5.24,32.89,4.27,18.18,55,0.0,12,0.0,56.7,46,
2025-04-08,鳴門,8,12:07,投票,2,水口由紀,B1,滋賀,4.28,19.72,4.31,17.24,34,0.0,26,0.0,49.0,52,
2025-04-08,鳴門,8,12:07,投票,3,平田さやか,A2,東京,5.95,33.01,6.0,52.94,57,0.0,62,0.0,47.3,40,
2025-04-08,鳴門,8,12:07,投票,4,熊本英一,B1,佐賀,3.91,22.08,2.56,0.0,54,0.0,34,0.0,59.3,46,
2025-04-08,鳴門,8,12:07,投票,5,田村慶,B1,徳島,5.38,29.63,5.33,32.5,10,0.0,15,0.0,52.6,24,
2025-04-08,鳴門,8,12:07,投票,6,加藤政彦,A2,東京,6.15,45.1,6.71,47.06,32,0.0,61,0.0,52.6,40,
2025-04-08,鳴門,9,12:40,投票,1,大場広孝,B1,福岡,5.22,26.13,5.88,43.75,17,0.0,39,0.0,55.6,42,
2025-04-08,鳴門,9,12:40,投票,2,深井利寿,A1,滋賀,5.91,34.0,6.89,57.14,11,0.0,19,0.0,52.0,50,
2025-04-08,鳴門,9,12:40,投票,3,宮野仁,B1,岡山,4.81,23.53,0.0,0.0,15,0.0,56,0.0,53.3,35,
2025-04-08,鳴門,9,12:40,投票,4,森安弘雅,B1,香川,5.63,36.0,6.3,60.0,12,0.0,60,0.0,52.0,44,
2025-04-08,鳴門,9,12:40,投票,5,田川大貴,A2,長崎,5.67,36.67,5.63,39.02,23,0.0,31,0.0,53.9,27,
2025-04-08,鳴門,9,12:40,投票,6,原村百那,B2,山口,1.5,0.0,1.0,0.0,62,0.0,36,0.0,46.0,23,
2025-04-08,鳴門,10,13:14,投票,1,谷津幸宏,A2,埼玉,6.27,46.67,7.09,54.55,24,0.0,22,0.0,52.6,44,
2025-04-08,鳴門,10,13:14,投票,2,竹田和哉,A1,香川,6.44,44.19,6.29,40.48,60,0.0,20,0.0,52.8,31,
2025-04-08,鳴門,10,13:14,投票,3,石渡鉄兵,A1,東京,6.34,36.79,7.35,47.06,53,0.0,57,0.0,52.2,50,
2025-04-08,鳴門,10,13:14,投票,4,吉田凌太朗,A1,愛知,6.13,49.46,7.89,66.67,51,0.0,54,0.0,52.0,31,
2025-04-08,鳴門,10,13:14,投票,5,竹田吉行,A2,徳島,5.32,33.63,5.46,31.78,50,0.0,21,0.0,52.0,40,
2025-04-08,鳴門,10,13:14,投票,6,鶴田勇雄,A2,福岡,5.84,39.06,6.0,38.46,35,0.0,58,0.0,52.7,36,
2025-04-08,鳴門,11,13:49,投票,1,砂長知輝,A2,埼玉,6.66,48.91,6.55,45.45,20,0.0,27,0.0,52.0,25,
2025-04-08,鳴門,11,13:49,投票,2,渡邊雄一郎,A1,大阪,6.67,54.65,6.58,38.46,38,0.0,23,0.0,52.6,39,
2025-04-08,鳴門,11,13:49,投票,3,池永太,A1,福岡,6.43,41.98,6.92,58.97,27,0.0,25,0.0,52.5,40,
2025-04-08,鳴門,11,13:49,投票,4,寺島美里,A2,東京,5.44,35.19,5.13,50.0,56,0.0,50,0.0,47.0,35,
2025-04-08,鳴門,11,13:49,投票,5,米田隆弘,A2,岡山,5.39,33.33,5.89,33.33,31,0.0,52,0.0,53.2,52,
2025-04-08,鳴門,11,13:49,投票,6,小野勇作,B1,佐賀,4.62,24.14,5.37,31.71,37,0.0,13,0.0,50.0,46,
2025-04-08,鳴門,12,14:27,投票,1,加藤政彦,A2,東京,6.15,45.1,6.71,47.06,32,0.0,61,0.0,52.6,40,
2025-04-08,鳴門,12,14:27,投票,2,葛原大陽,A1,徳島,6.18,43.44,6.41,49.59,26,0.0,37,0.0,52.5,41,
2025-04-08,鳴門,12,14:27,投票,3,荒井輝年,A2,岡山,4.99,30.49,5.47,35.29,58,0.0,59,0.0,56.0,51,
2025-04-08,鳴門,12,14:27,投票,4,川上聡介,A2,愛知,5.18,30.61,0.0,0.0,29,0.0,29,0.0,56.0,47,
2025-04-08,鳴門,12,14:27,投票,5,幸野史明,B1,福岡,4.14,21.21,3.5,16.67,36,0.0,18,0.0,51.5,39,
2025-04-08,鳴門,12,14:27,投票,6,喜多須杏奈,B1,徳島,4.92,27.78,5.05,27.59,25,0.0,38,0.0,47.8,34,
2025-04-08,丸亀,1,15:17,投票,1,吉岡誠,B1,山口,3.46,14.0,3.14,9.09,60,26.72,11,35.16,54.9,54,
2025-04-08,丸亀,1,15:17,投票,2,大谷健太,B1,埼玉,5.16,26.74,6.25,45.83,16,30.71,22,28.14,52.2,36,
2025-04-08,丸亀,1,15:17,投票,3,竹本太樹,B2,大阪,3.9,20.83,0.0,0.0,15,34.88,51,36.26,54.8,43,
2025-04-08,丸亀,1,15:17,投票,4,田中宏樹,B1,福岡,5.34,33.67,5.75,50.0,37,31.78,54,31.21,52.5,36,
2025-04-08,丸亀,1,15:17,投票,5,田添康介,B1,長崎,4.45,24.49,5.11,27.78,13,39.02,24,38.92,51.5,55,
2025-04-08,丸亀,1,15:17,投票,6,坂東満,B1,静岡,4.65,26.67,4.27,18.18,40,35.82,32,35.16,52.6,56,
2025-04-08,丸亀,2,15:41,投票,1,森林太,B1,長崎,4.58,23.86,4.63,25.0,20,34.68,50,34.24,54.2,52,
2025-04-08,丸亀,2,15:41,投票,2,佐々木大河,B1,大阪,4.81,28.42,6.41,47.06,43,41.73,44,30.81,52.5,29,
2025-04-08,丸亀,2,15:41,投票,3,宇土泰就,B1,福岡,4.25,21.25,4.25,6.25,32,26.77,66,27.17,53.6,53,
2025-04-08,丸亀,2,15:41,投票,4,中里昌志,B1,埼玉,4.38,17.07,3.74,21.05,53,43.61,14,40.98,52.0,56,
2025-04-08,丸亀,2,15:41,投票,5,鈴木裕隆,A2,愛知,5.41,34.31,4.54,24.32,49,37.14,52,37.5,54.3,41,
2025-04-08,丸亀,2,15:41,投票,6,岩津徹郎,B1,岡山,5.02,28.81,4.44,29.63,45,44.62,2,31.46,55.5,47,
2025-04-08,丸亀,3,16:06,投票,1,八木治樹,B1,愛知,4.91,26.79,2.81,0.0,2,29.84,4,33.7,53.4,34,
2025-04-08,丸亀,3,16:06,投票,2,林祐介,A2,岡山,5.96,38.75,5.56,40.38,64,28.06,18,35.16,55.5,40,
2025-04-08,丸亀,3,16:06,投票,3,藤丸光一,B1,福岡,5.15,32.32,5.71,28.57,26,26.52,29,39.89,49.0,58,
2025-04-08,丸亀,3,16:06,投票,4,亀本勇樹,B1,広島,3.59,14.71,3.85,23.08,50,33.08,6,26.63,58.3,63,
2025-04-08,丸亀,3,16:06,投票,5,萩原丈太朗,B2,福井,1.73,0.0,1.64,0.0,31,38.76,1,30.23,54.8,20,
2025-04-08,丸亀,3,16:06,投票,6,尾崎雄二,A2,長崎,5.14,30.77,5.0,29.41,11,32.26,30,27.84,52.8,39,
2025-04-08,丸亀,4,16:32,投票,1,岡本翔太郎,B1,山口,4.47,17.98,0.0,0.0,34,28.68,49,31.43,52.2,30,
2025-04-08,丸亀,4,16:32,投票,2,畔柳俊吾,B1,愛知,5.01,26.83,4.72,30.77,39,35.56,10,32.58,51.0,41,
2025-04-08,丸亀,4,16:32,投票,3,南野利騰,B2,福井,4.01,21.05,0.0,0.0,63,26.92,63,31.18,52.3,39,
2025-04-08,丸亀,4,16:32,投票,4,土井祥伍,B1,大阪,4.57,26.04,5.53,23.53,14,31.25,48,35.87,53.4,30,
2025-04-08,丸亀,4,16:32,投票,5,佐藤大佑,A2,東京,5.72,41.38,8.43,85.71,27,32.31,40,26.32,53.1,34,
2025-04-08,丸亀,4,16:32,投票,6,金子和之,A1,埼玉,6.55,50.0,7.64,63.64,33,31.01,25,31.21,53.0,37,
2025-04-08,丸亀,5,17:01,投票,1,田中宏樹,B1,福岡,5.34,33.67,5.75,50.0,37,31.78,54,31.21,52.5,36,
2025-04-08,丸亀,5,17:01,投票,2,大澤大夢,B1,埼玉,4.96,24.69,6.33,33.33,59,40.14,41,40.33,54.0,41,
2025-04-08,丸亀,5,17:01,投票,3,別府昌樹,A2,広島,5.68,37.89,5.6,50.0,57,45.97,35,39.78,51.5,48,
2025-04-08,丸亀,5,17:01,投票,4,北村征嗣,A1,大阪,6.36,42.86,6.69,51.02,36,38.13,58,31.98,52.8,45,
2025-04-08,丸亀,5,17:01,投票,5,井上大輔,B1,岡山,4.75,25.97,5.11,26.32,22,27.73,62,30.0,52.0,39,
2025-04-08,丸亀,5,17:01,投票,6,大場敏,A2,静岡,5.68,32.74,6.62,38.46,17,27.78,34,41.34,52.4,58,
2025-04-08,丸亀,6,17:27,投票,1,村松修二,A2,広島,5.79,43.43,0.0,0.0,21,35.2,37,30.81,56.0,34,
2025-04-08,丸亀,6,17:27,投票,2,福田理,B1,岡山,4.38,21.43,4.88,25.0,38,31.78,57,32.75,54.1,47,
2025-04-08,丸亀,6,17:27,投票,3,下條雄太郎,A1,長崎,6.74,43.53,7.04,41.67,4,34.13,38,33.7,52.3,39,
2025-04-08,丸亀,6,17:27,投票,4,平石和男,A2,埼玉,6.08,41.74,6.42,45.45,19,33.86,65,26.86,51.0,58,
2025-04-08,丸亀,6,17:27,投票,5,吉岡誠,B1,山口,3.46,14.0,3.14,9.09,60,26.72,11,35.16,54.9,54,
2025-04-08,丸亀,6,17:27,投票,6,松浦勝,B1,愛知,3.32,11.86,1.83,0.0,25,40.0,28,28.0,55.9,49,
2025-04-08,丸亀,7,17:55,投票,1,橋本明,B1,広島,5.09,32.38,5.59,29.41,8,31.54,59,36.22,53.3,36,
2025-04-08,丸亀,7,17:55,投票,2,中里昌志,B1,埼玉,4.38,17.07,3.74,21.05,53,43.61,14,40.98,52.0,56,
2025-04-08,丸亀,7,17:55,投票,3,中辻崇人,A1,福岡,8.13,73.58,6.87,52.17,7,24.62,33,34.24,52.8,48,
2025-04-08,丸亀,7,17:55,投票,4,竹本太樹,B2,大阪,3.9,20.83,0.0,0.0,15,34.88,51,36.26,54.8,43,
2025-04-08,丸亀,7,17:55,投票,5,松竹大輔,A2,愛知,5.9,44.76,6.2,41.3,61,34.75,5,37.36,52.0,38,
2025-04-08,丸亀,7,17:55,投票,6,森作雄大,A2,東京,4.93,30.7,5.7,50.0,23,44.09,20,30.18,52.0,38,
2025-04-08,丸亀,8,18:25,投票,1,山下和彦,A1,広島,5.69,40.17,7.39,61.11,28,31.54,60,34.41,52.1,55,
2025-04-08,丸亀,8,18:25,投票,2,尾崎雄二,A2,長崎,5.14,30.77,5.0,29.41,11,32.26,30,27.84,52.8,39,
2025-04-08,丸亀,8,18:25,投票,3,沖島広和,B1,福岡,5.08,32.97,5.17,25.0,44,19.66,13,29.52,56.0,47,
2025-04-08,丸亀,8,18:25,投票,4,川原祐明,A2,香川,6.31,47.27,6.65,47.93,65,49.58,15,34.25,52.0,30,
2025-04-08,丸亀,8,18:25,投票,5,大谷健太,B1,埼玉,5.16,26.74,6.25,45.83,16,30.71,22,28.14,52.2,36,
2025-04-08,丸亀,8,18:25,投票,6,佐々木大河,B1,大阪,4.81,28.42,6.41,47.06,43,41.73,44,30.81,52.5,29,
2025-04-08,丸亀,9,18:55,投票,1,鈴木裕隆,A2,愛知,5.41,34.31,4.54,24.32,49,37.14,52,37.5,54.3,41,
2025-04-08,丸亀,9,18:55,投票,2,亀本勇樹,B1,広島,3.59,14.71,3.85,23.08,50,33.08,6,26.63,58.3,63,
2025-04-08,丸亀,9,18:55,投票,3,白神優,A1,岡山,6.65,47.47,6.94,50.0,9,39.06,64,30.59,54.6,34,
2025-04-08,丸亀,9,18:55,投票,4,田添康介,B1,長崎,4.45,24.49,5.11,27.78,13,39.02,24,38.92,51.5,55,
2025-04-08,丸亀,9,18:55,投票,5,南野利騰,B2,福井,4.01,21.05,0.0,0.0,63,26.92,63,31.18,52.3,39,
2025-04-08,丸亀,9,18:55,投票,6,山田雄太,A1,静岡,6.27,48.24,0.0,0.0,62,24.37,3,27.65,56.1,43,
2025-04-08,丸亀,10,19:24,投票,1,別府昌樹,A2,広島,5.68,37.89,5.6,50.0,57,45.97,35,39.78,51.5,48,
2025-04-08,丸亀,10,19:24,投票,2,石丸海渡,A1,香川,6.61,51.09,6.49,50.0,58,50.0,26,31.98,56.0,31,
2025-04-08,丸亀,10,19:24,投票,3,岩津徹郎,B1,岡山,5.02,28.81,4.44,29.63,45,44.62,2,31.46,55.5,47,
2025-04-08,丸亀,10,19:24,投票,4,藤丸光一,B1,福岡,5.15,32.32,5.71,28.57,26,26.52,29,39.89,49.0,58,
2025-04-08,丸亀,10,19:24,投票,5,下條雄太郎,A1,長崎,6.74,43.53,7.04,41.67,4,34.13,38,33.7,52.3,39,
2025-04-08,丸亀,10,19:24,投票,6,山田亮太,A2,東京,4.59,22.45,0.0,0.0,41,41.13,16,40.76,52.0,46,
2025-04-08,丸亀,11,20:04,投票,1,北村征嗣,A1,大阪,6.36,42.86,6.69,51.02,36,38.13,58,31.98,52.8,45,
2025-04-08,丸亀,11,20:04,投票,2,金子和之,A1,埼玉,6.55,50.0,7.64,63.64,33,31.01,25,31.21,53.0,37,
2025-04-08,丸亀,11,20:04,投票,3,村松修二,A2,広島,5.79,43.43,0.0,0.0,21,35.2,37,30.81,56.0,34,
2025-04-08,丸亀,11,20:04,投票,4,林祐介,A2,岡山,5.96,38.75,5.56,40.38,64,28.06,18,35.16,55.5,40,
2025-04-08,丸亀,11,20:04,投票,5,坂東満,B1,静岡,4.65,26.67,4.27,18.18,40,35.82,32,35.16,52.6,56,
2025-04-08,丸亀,11,20:04,投票,6,松竹大輔,A2,愛知,5.9,44.76,6.2,41.3,61,34.75,5,37.36,52.0,38,
2025-04-08,丸亀,12,20:33,投票,1,中辻崇人,A1,福岡,8.13,73.58,6.87,52.17,7,24.62,33,34.24,52.8,48,
2025-04-08,丸亀,12,20:33,投票,2,平石和男,A2,埼玉,6.08,41.74,6.42,45.45,19,33.86,65,26.86,51.0,58,
2025-04-08,丸亀,12,20:33,投票,3,大場敏,A2,静岡,5.68,32.74,6.62,38.46,17,27.78,34,41.34,52.4,58,
2025-04-08,丸亀,12,20:33,投票,4,八木治樹,B1,愛知,4.91,26.79,2.81,0.0,2,29.84,4,33.7,53.4,34,
2025-04-08,丸亀,12,20:33,投票,5,山下和彦,A1,広島,5.69,40.17,7.39,61.11,28,31.54,60,34.41,52.1,55,
2025-04-08,丸亀,12,20:33,投票,6,佐藤大佑,A2,東京,5.72,41.38,8.43,85.71,27,32.31,40,26.32,53.1,34,
2025-04-08,宮島,1,10:49,投票,1,下寺秀和,A1,広島,6.58,46.0,6.03,43.1,60,47.75,77,35.71,52.9,32,
2025-04-08,宮島,1,10:49,投票,2,片岡雅裕,A1,香川,6.85,41.53,7.64,54.55,34,34.71,38,23.6,52.2,39,
2025-04-08,宮島,1,10:49,投票,3,森野正弘,A1,山口,6.54,47.37,6.83,50.0,55,27.45,69,38.93,53.6,40,
2025-04-08,宮島,1,10:49,投票,4,渡辺崇,B1,福岡,5.16,30.77,5.35,35.48,59,28.83,29,26.04,55.9,37,
2025-04-08,宮島,1,10:49,投票,5,今泉友吾,A1,東京,6.85,52.78,4.77,30.77,50,45.61,53,43.36,52.0,35,
2025-04-08,宮島,1,10:49,投票,6,高橋竜矢,A1,広島,6.93,57.75,6.9,53.33,61,36.84,76,36.5,52.0,27,
2025-04-08,宮島,2,11:17,投票,1,原田才一郎,A1,福岡,6.69,47.86,5.4,20.0,26,35.34,52,36.61,52.0,28,
2025-04-08,宮島,2,11:17,投票,2,山本景士郎,B1,広島,4.43,22.97,5.58,37.04,31,25.89,50,25.49,52.9,37,
2025-04-08,宮島,2,11:17,投票,3,大上卓人,A1,広島,7.17,53.04,7.41,58.12,67,37.96,59,36.36,52.0,34,
2025-04-08,宮島,2,11:17,投票,4,前田滉,A1,愛知,7.01,53.54,5.88,37.5,33,42.98,78,35.71,52.0,25,
2025-04-08,宮島,2,11:17,投票,5,大峯豊,A1,山口,7.11,46.73,7.5,50.0,53,33.01,60,47.37,52.0,41,
2025-04-08,宮島,2,11:17,投票,6,古結宏,A1,兵庫,7.36,59.04,5.97,33.33,58,37.74,39,42.34,52.6,47,
2025-04-08,宮島,3,11:46,投票,1,西橋奈未,A1,福井,6.53,49.37,8.5,50.0,11,35.71,70,39.29,46.5,28,
2025-04-08,宮島,3,11:46,投票,2,中村晃朋,A1,香川,6.28,39.45,6.14,47.62,38,36.04,26,44.63,52.0,33,
2025-04-08,宮島,3,11:46,投票,3,桑原悠,A1,長崎,7.11,49.46,6.1,40.0,25,30.91,28,27.1,52.3,37,
2025-04-08,宮島,3,11:46,投票,4,上平真二,A1,広島,7.25,52.53,6.98,51.67,81,28.85,20,35.34,52.0,51,
2025-04-08,宮島,3,11:46,投票,5,佐藤翼,A1,埼玉,7.34,42.86,0.0,0.0,16,31.36,34,27.73,52.0,36,
2025-04-08,宮島,3,11:46,投票,6,船岡洋一郎,A1,広島,6.85,49.06,6.41,46.96,70,35.24,31,36.84,52.4,38,
2025-04-08,宮島,4,12:16,投票,1,丸野一樹,A1,滋賀,6.04,33.33,8.88,100.0,32,34.19,61,35.94,52.3,33,
2025-04-08,宮島,4,12:16,投票,2,抹香雄三,B1,広島,5.23,34.15,5.05,33.85,56,25.47,57,26.67,53.0,39,
2025-04-08,宮島,4,12:16,投票,3,河合佑樹,A1,静岡,7.51,51.49,7.7,70.0,35,33.64,71,33.33,52.0,38,
2025-04-08,宮島,4,12:16,投票,4,山田康二,A1,佐賀,7.4,54.17,7.1,45.0,36,35.48,82,35.43,53.7,37,
2025-04-08,宮島,4,12:16,投票,5,峰竜太,A1,佐賀,7.48,52.44,0.0,0.0,29,34.71,75,33.33,52.0,40,
2025-04-08,宮島,4,12:16,投票,6,大池佑来,A1,東京,6.49,40.66,6.35,45.0,23,33.64,37,34.86,51.0,38,
2025-04-08,宮島,5,12:46,投票,1,定松勇樹,A1,佐賀,7.27,44.76,7.42,66.67,74,35.29,25,42.27,52.1,23,
2025-04-08,宮島,5,12:46,投票,2,實森美祐,A1,広島,7.19,59.74,7.12,52.94,63,34.62,36,35.82,46.5,28,
2025-04-08,宮島,5,12:46,投票,3,原田幸哉,A1,長崎,7.48,51.95,6.56,44.44,51,39.05,18,33.33,52.2,49,
2025-04-08,宮島,5,12:46,投票,4,山崎郡,A1,大阪,7.58,54.17,6.58,42.11,13,28.83,79,28.79,52.0,35,
2025-04-08,宮島,5,12:46,投票,5,辻栄蔵,A1,広島,7.69,65.06,7.56,59.38,68,41.88,55,28.7,52.0,50,
2025-04-08,宮島,5,12:46,投票,6,森野正弘,A1,山口,6.54,47.37,6.83,50.0,55,27.45,69,38.93,53.6,40,
2025-04-08,宮島,6,13:16,投票,1,吉田拡郎,A1,岡山,6.8,45.92,6.86,50.0,82,33.62,14,27.93,53.3,42,
2025-04-08,宮島,6,13:16,投票,2,高橋竜矢,A1,広島,6.93,57.75,6.9,53.33,61,36.84,76,36.5,52.0,27,
2025-04-08,宮島,6,13:16,投票,3,高倉和士,A1,福岡,6.67,42.17,7.55,60.0,12,28.97,56,34.62,52.2,33,
2025-04-08,宮島,6,13:16,投票,4,山本景士郎,B1,広島,4.43,22.97,5.58,37.04,31,25.89,50,25.49,52.9,37,
2025-04-08,宮島,6,13:16,投票,5,桐生順平,A1,埼玉,8.18,70.0,4.5,50.0,22,38.21,17,30.23,52.0,38,
2025-04-08,宮島,6,13:16,投票,6,吉川元浩,A1,兵庫,7.11,45.19,6.84,48.39,20,32.41,27,31.67,51.5,52,
2025-04-08,宮島,7,13:47,投票,1,藤岡俊介,A1,兵庫,6.29,42.4,7.8,60.0,28,34.45,62,27.18,51.0,41,
2025-04-08,宮島,7,13:47,投票,2,渡辺崇,B1,福岡,5.16,30.77,5.35,35.48,59,28.83,29,26.04,55.9,37,
2025-04-08,宮島,7,13:47,投票,3,澤田尚也,A1,滋賀,6.59,46.85,0.0,0.0,64,33.33,35,26.15,52.0,26,
2025-04-08,宮島,7,13:47,投票,4,上田龍星,A1,大阪,6.18,40.63,6.85,48.72,27,34.31,64,32.74,52.0,29,
2025-04-08,宮島,7,13:47,投票,5,岩瀬裕亮,A1,愛知,7.47,54.74,6.83,50.0,66,38.79,74,28.69,52.0,36,
2025-04-08,宮島,7,13:47,投票,6,藤原啓史朗,A1,岡山,7.69,64.57,7.59,63.41,80,35.4,11,31.5,51.0,35,
2025-04-08,宮島,8,14:18,投票,1,末永和也,A1,佐賀,7.79,61.61,7.75,75.0,62,35.9,58,39.5,52.1,26,
2025-04-08,宮島,8,14:18,投票,2,安河内将,A1,佐賀,6.49,47.46,7.67,33.33,77,38.18,33,37.62,52.3,35,
2025-04-08,宮島,8,14:18,投票,3,古結宏,A1,兵庫,7.36,59.04,5.97,33.33,58,37.74,39,42.34,52.6,47,
2025-04-08,宮島,8,14:18,投票,4,抹香雄三,B1,広島,5.23,34.15,5.05,33.85,56,25.47,57,26.67,53.0,39,
2025-04-08,宮島,8,14:18,投票,5,上平真二,A1,広島,7.25,52.53,6.98,51.67,81,28.85,20,35.34,52.0,51,
2025-04-08,宮島,8,14:18,投票,6,野中一平,A1,愛知,5.89,40.82,5.92,37.5,54,37.19,66,48.51,52.7,30,
2025-04-08,宮島,9,14:52,投票,1,片岡雅裕,A1,香川,6.85,41.53,7.64,54.55,34,34.71,38,23.6,52.2,39,
2025-04-08,宮島,9,14:52,投票,2,山崎郡,A1,大阪,7.58,54.17,6.58,42.11,13,28.83,79,28.79,52.0,35,
2025-04-08,宮島,9,14:52,投票,3,大池佑来,A1,東京,6.49,40.66,6.35,45.0,23,33.64,37,34.86,51.0,38,
2025-04-08,宮島,9,14:52,投票,4,桑原悠,A1,長崎,7.11,49.46,6.1,40.0,25,30.91,28,27.1,52.3,37,
2025-04-08,宮島,9,14:52,投票,5,河合佑樹,A1,静岡,7.51,51.49,7.7,70.0,35,33.64,71,33.33,52.0,38,
2025-04-08,宮島,9,14:52,投票,6,大上卓人,A1,広島,7.17,53.04,7.41,58.12,67,37.96,59,36.36,52.0,34,
2025-04-08,宮島,10,15:28,投票,1,大峯豊,A1,山口,7.11,46.73,7.5,50.0,53,33.01,60,47.37,52.0,41,
2025-04-08,宮島,10,15:28,投票,2,佐藤翼,A1,埼玉,7.34,42.86,0.0,0.0,16,31.36,34,27.73,52.0,36,
2025-04-08,宮島,10,15:28,投票,3,下寺秀和,A1,広島,6.58,46.0,6.03,43.1,60,47.75,77,35.71,52.9,32,
2025-04-08,宮島,10,15:28,投票,4,丸野一樹,A1,滋賀,6.04,33.33,8.88,100.0,32,34.19,61,35.94,52.3,33,
2025-04-08,宮島,10,15:28,投票,5,吉田拡郎,A1,岡山,6.8,45.92,6.86,50.0,82,33.62,14,27.93,53.3,42,
2025-04-08,宮島,10,15:28,投票,6,原田才一郎,A1,福岡,6.69,47.86,5.4,20.0,26,35.34,52,36.61,52.0,28,
2025-04-08,宮島,11,16:04,投票,1,桐生順平,A1,埼玉,8.18,70.0,4.5,50.0,22,38.21,17,30.23,52.0,38,
2025-04-08,宮島,11,16:04,投票,2,峰竜太,A1,佐賀,7.48,52.44,0.0,0.0,29,34.71,75,33.33,52.0,40,
2025-04-08,宮島,11,16:04,投票,3,末永和也,A1,佐賀,7.79,61.61,7.75,75.0,62,35.9,58,39.5,52.1,26,
2025-04-08,宮島,11,16:04,投票,4,西橋奈未,A1,福井,6.53,49.37,8.5,50.0,11,35.71,70,39.29,46.5,28,
2025-04-08,宮島,11,16:04,投票,5,定松勇樹,A1,佐賀,7.27,44.76,7.42,66.67,74,35.29,25,42.27,52.1,23,
2025-04-08,宮島,11,16:04,投票,6,藤岡俊介,A1,兵庫,6.29,42.4,7.8,60.0,28,34.45,62,27.18,51.0,41,
2025-04-08,宮島,12,16:48,投票,1,中野次郎,A1,東京,6.93,47.15,7.45,55.0,19,28.18,67,30.0,52.4,43,
2025-04-08,宮島,12,16:48,投票,2,上條暢嵩,A1,大阪,6.6,43.62,7.22,33.33,79,32.67,16,28.57,52.0,31,
2025-04-08,宮島,12,16:48,投票,3,湯川浩司,A1,大阪,6.85,46.3,7.88,50.0,15,35.96,32,31.2,52.3,45,
2025-04-08,宮島,12,16:48,投票,4,山口剛,A1,広島,7.63,61.45,8.5,80.53,37,46.15,73,37.76,52.0,42,
2025-04-08,宮島,12,16:48,投票,5,井上忠政,A1,大阪,6.86,48.42,0.0,0.0,14,32.46,51,44.54,52.0,29,
2025-04-08,宮島,12,16:48,投票,6,笠原亮,A1,静岡,7.89,64.84,7.77,61.54,21,32.14,23,39.37,52.2,45,
2025-04-08,下関,1,15:19,投票,1,津田陸翔,B1,広島,5.62,32.04,4.59,23.53,34,0.0,50,14.29,52.2,24,
2025-04-08,下関,1,15:19,投票,2,本村大,B1,長崎,4.45,27.38,3.85,25.0,66,28.57,49,0.0,52.6,25,
2025-04-08,下関,1,15:19,投票,3,眞崎武蔵,B1,静岡,3.13,7.35,1.56,0.0,17,14.29,45,16.67,52.0,23,
2025-04-08,下関,1,15:19,投票,4,瀬川大地,B2,山口,1.37,0.0,1.09,0.0,23,28.57,62,0.0,54.1,19,
2025-04-08,下関,1,15:19,投票,5,登玉隼百,A2,兵庫,6.17,48.8,4.48,26.09,57,0.0,25,28.57,52.0,25,
2025-04-08,下関,1,15:19,投票,6,山本稔太朗,B1,愛知,4.89,28.57,5.55,45.0,50,0.0,43,0.0,55.7,24,
2025-04-08,下関,2,15:48,投票,1,楠将太郎,B1,埼玉,4.64,26.09,0.0,0.0,42,14.29,28,33.33,52.0,23,
2025-04-08,下関,2,15:48,投票,2,柳瀬幹太,B1,山口,5.27,39.02,4.24,26.58,12,0.0,70,0.0,53.3,26,
2025-04-08,下関,2,15:48,投票,3,丸山祐也,B2,福岡,3.26,5.71,3.81,14.81,59,25.0,41,42.86,51.0,29,
2025-04-08,下関,2,15:48,投票,4,相馬翔,B1,埼玉,4.58,30.56,4.39,27.78,55,14.29,66,0.0,54.8,23,
2025-04-08,下関,2,15:48,投票,5,出畑孝成,B2,福岡,3.32,16.18,0.0,0.0,29,0.0,19,0.0,53.9,18,
2025-04-08,下関,2,15:48,投票,6,仲航太,B1,東京,6.01,43.16,0.0,0.0,19,0.0,26,28.57,52.7,25,
2025-04-08,下関,3,16:11,投票,1,川崎智稔,B1,岡山,5.36,33.33,5.2,33.33,49,14.29,37,66.67,52.0,25,
2025-04-08,下関,3,16:11,投票,2,上野拓馬,B1,三重,4.5,24.51,3.3,0.0,72,28.57,40,28.57,52.4,27,
2025-04-08,下関,3,16:11,投票,3,井本昌也,A1,山口,6.69,48.85,6.71,48.44,31,14.29,58,0.0,52.0,28,
2025-04-08,下関,3,16:11,投票,4,香月大輝,B2,福岡,2.73,6.33,2.0,0.0,41,0.0,63,0.0,52.4,24,
2025-04-08,下関,3,16:11,投票,5,中山翔太,A2,三重,6.22,45.12,0.0,0.0,27,0.0,39,14.29,51.5,21,
2025-04-08,下関,3,16:11,投票,6,杉山太陽,B1,福岡,3.53,13.16,3.5,16.67,52,42.86,65,0.0,52.0,23,
2025-04-08,下関,4,16:38,投票,1,大場恒季,A2,愛知,6.3,45.45,0.0,0.0,16,0.0,22,14.29,52.6,24,
2025-04-08,下関,4,16:38,投票,2,仲本舜,B1,福岡,3.88,15.94,1.6,0.0,51,0.0,57,0.0,52.6,19,
2025-04-08,下関,4,16:38,投票,3,屋良龍紀,B1,長崎,4.12,18.18,3.24,5.88,26,0.0,60,0.0,51.5,27,
2025-04-08,下関,4,16:38,投票,4,佐藤航,A2,埼玉,6.3,46.94,6.59,45.45,56,14.29,34,66.67,52.9,25,
2025-04-08,下関,4,16:38,投票,5,石井伸長,B1,香川,3.22,12.33,0.0,0.0,38,0.0,69,0.0,50.5,24,
2025-04-08,下関,4,16:38,投票,6,杉山喜一,B1,静岡,5.63,36.94,3.67,11.11,13,0.0,72,0.0,51.0,25,
2025-04-08,下関,5,17:08,投票,1,西丸侑太朗,A2,香川,5.64,32.86,2.5,0.0,30,0.0,73,0.0,52.0,20,
2025-04-08,下関,5,17:08,投票,2,飛田江己,A1,埼玉,7.16,55.81,6.8,40.0,54,16.67,17,14.29,52.0,23,
2025-04-08,下関,5,17:08,投票,3,岩田凌,B1,大阪,2.57,8.33,2.56,11.11,65,0.0,71,0.0,55.3,26,
2025-04-08,下関,5,17:08,投票,4,村松将平,B1,静岡,3.23,9.88,0.0,0.0,32,0.0,68,0.0,52.3,24,
2025-04-08,下関,5,17:08,投票,5,眞崎武蔵,B1,静岡,3.13,7.35,1.56,0.0,17,14.29,45,16.67,52.0,23,
2025-04-08,下関,5,17:08,投票,6,三馬崇史,B1,広島,4.82,29.6,1.55,0.0,20,0.0,61,0.0,53.7,24,
2025-04-08,下関,6,17:34,投票,1,島川海輝,A1,山口,5.51,34.91,5.77,42.74,48,0.0,18,28.57,52.6,22,
2025-04-08,下関,6,17:34,投票,2,荒木颯斗,B1,愛知,4.74,26.14,3.17,0.0,18,28.57,27,42.86,52.1,22,
2025-04-08,下関,6,17:34,投票,3,濱野斗馬,A2,香川,6.77,49.55,7.0,62.5,36,0.0,35,14.29,52.9,25,
2025-04-08,下関,6,17:34,投票,4,森智哉,B1,岡山,4.86,30.93,3.64,16.0,61,0.0,54,0.0,51.5,27,
2025-04-08,下関,6,17:34,投票,5,瀬川大地,B2,山口,1.37,0.0,1.09,0.0,23,28.57,62,0.0,54.1,19,
2025-04-08,下関,6,17:34,投票,6,藤井太雅,B1,東京,4.11,19.79,0.0,0.0,63,0.0,31,14.29,53.0,22,
2025-04-08,下関,7,18:02,投票,1,中村日向,A1,香川,6.81,55.26,5.88,41.18,44,66.67,29,28.57,52.0,26,
2025-04-08,下関,7,18:02,投票,2,竹間隆晟,A2,大阪,6.29,48.68,0.0,0.0,70,0.0,11,0.0,52.5,24,
2025-04-08,下関,7,18:02,投票,3,高山弘斗,B1,埼玉,3.59,14.77,0.0,0.0,68,0.0,64,0.0,53.0,24,
2025-04-08,下関,7,18:02,投票,4,出畑孝成,B2,福岡,3.32,16.18,0.0,0.0,29,0.0,19,0.0,53.9,18,
2025-04-08,下関,7,18:02,投票,5,山下大輝,A2,兵庫,5.69,41.49,0.0,0.0,58,42.86,67,0.0,52.0,28,
2025-04-08,下関,7,18:02,投票,6,藤森陸斗,B1,福岡,5.02,32.69,3.0,33.33,64,0.0,44,66.67,53.1,26,
2025-04-08,下関,8,18:41,投票,1,加藤優弥,A2,福井,5.18,30.19,0.0,0.0,37,25.0,55,0.0,52.0,25,
2025-04-08,下関,8,18:41,投票,2,相馬翔,B1,埼玉,4.58,30.56,4.39,27.78,55,14.29,66,0.0,54.8,23,
2025-04-08,下関,8,18:41,投票,3,本村大,B1,長崎,4.45,27.38,3.85,25.0,66,28.57,49,0.0,52.6,25,
2025-04-08,下関,8,18:41,投票,4,西岡顕心,A1,香川,6.66,45.3,5.27,36.36,47,0.0,30,0.0,52.0,23,
2025-04-08,下関,8,18:41,投票,5,香月大輝,B2,福岡,2.73,6.33,2.0,0.0,41,0.0,63,0.0,52.4,24,
2025-04-08,下関,8,18:41,投票,6,屋良龍紀,B1,長崎,4.12,18.18,3.24,5.88,26,0.0,60,0.0,51.5,27,
2025-04-08,下関,9,19:09,投票,1,宮脇遼太,A2,福岡,5.34,33.62,4.5,32.14,15,33.33,53,0.0,52.0,27,
2025-04-08,下関,9,19:09,投票,2,為本智也,A2,福井,5.63,43.06,5.35,41.18,60,0.0,59,0.0,52.2,24,
2025-04-08,下関,9,19:09,投票,3,上野拓馬,B1,三重,4.5,24.51,3.3,0.0,72,28.57,40,28.57,52.4,27,
2025-04-08,下関,9,19:09,投票,4,石井伸長,B1,香川,3.22,12.33,0.0,0.0,38,0.0,69,0.0,50.5,24,
2025-04-08,下関,9,19:09,投票,5,鰐部太空海,A2,愛知,6.11,44.44,7.67,66.67,40,0.0,13,28.57,52.5,23,
2025-04-08,下関,9,19:09,投票,6,篠原飛翔,B1,福岡,5.83,37.74,4.04,4.35,22,14.29,56,0.0,52.1,26,
2025-04-08,下関,10,19:39,投票,1,濱野斗馬,A2,香川,6.77,49.55,7.0,62.5,36,0.0,35,14.29,52.9,25,
2025-04-08,下関,10,19:39,投票,2,津田陸翔,B1,広島,5.62,32.04,4.59,23.53,34,0.0,50,14.29,52.2,24,
2025-04-08,下関,10,19:39,投票,3,西丸侑太朗,A2,香川,5.64,32.86,2.5,0.0,30,0.0,73,0.0,52.0,20,
2025-04-08,下関,10,19:39,投票,4,大場恒季,A2,愛知,6.3,45.45,0.0,0.0,16,0.0,22,14.29,52.6,24,
2025-04-08,下関,10,19:39,投票,5,丸山祐也,B2,福岡,3.26,5.71,3.81,14.81,59,25.0,41,42.86,51.0,29,
2025-04-08,下関,10,19:39,投票,6,井本昌也,A1,山口,6.69,48.85,6.71,48.44,31,14.29,58,0.0,52.0,28,
2025-04-08,下関,11,20:10,投票,1,佐藤航,A2,埼玉,6.3,46.94,6.59,45.45,56,14.29,34,66.67,52.9,25,
2025-04-08,下関,11,20:10,投票,2,川崎智稔,B1,岡山,5.36,33.33,5.2,33.33,49,14.29,37,66.67,52.0,25,
2025-04-08,下関,11,20:10,投票,3,登玉隼百,A2,兵庫,6.17,48.8,4.48,26.09,57,0.0,25,28.57,52.0,25,
2025-04-08,下関,11,20:10,投票,4,飛田江己,A1,埼玉,7.16,55.81,6.8,40.0,54,16.67,17,14.29,52.0,23,
2025-04-08,下関,11,20:10,投票,5,中村日向,A1,香川,6.81,55.26,5.88,41.18,44,66.67,29,28.57,52.0,26,
2025-04-08,下関,11,20:10,投票,6,柳瀬幹太,B1,山口,5.27,39.02,4.24,26.58,12,0.0,70,0.0,53.3,26,
2025-04-08,下関,12,20:39,投票,1,中山翔太,A2,三重,6.22,45.12,0.0,0.0,27,0.0,39,14.29,51.5,21,
2025-04-08,下関,12,20:39,投票,2,山本稔太朗,B1,愛知,4.89,28.57,5.55,45.0,50,0.0,43,0.0,55.7,24,
2025-04-08,下関,12,20:39,投票,3,山下大輝,A2,兵庫,5.69,41.49,0.0,0.0,58,42.86,67,0.0,52.0,28,
2025-04-08,下関,12,20:39,投票,4,仲航太,B1,東京,6.01,43.16,0.0,0.0,19,0.0,26,28.57,52.7,25,
2025-04-08,下関,12,20:39,投票,5,西岡顕心,A1,香川,6.66,45.3,5.27,36.36,47,0.0,30,0.0,52.0,23,
2025-04-08,下関,12,20:39,投票,6,島川海輝,A1,山口,5.51,34.91,5.77,42.74,48,0.0,18,28.57,52.6,22,
2025-04-08,若松,1,15:24,投票,1,新田洋一,B1,広島,5.52,32.91,3.4,13.33,60,28.21,43,38.86,54.3,31,
2025-04-08,若松,1,15:24,投票,2,崎利仁,B1,群馬,4.44,21.3,0.0,0.0,20,37.97,36,34.57,55.1,48,
2025-04-08,若松,1,15:24,投票,3,市川美宏,B1,静岡,4.81,21.59,5.29,42.86,27,34.62,18,27.33,53.5,41,
2025-04-08,若松,1,15:24,投票,4,山本幸也,B2,福岡,2.9,11.39,2.21,6.06,4,35.37,20,32.78,57.3,24,
2025-04-08,若松,1,15:24,投票,5,木山大聖,B2,岡山,1.45,0.0,0.0,0.0,41,38.36,69,38.15,50.7,22,
2025-04-08,若松,1,15:24,投票,6,大野芳顕,A2,福岡,5.79,34.11,5.94,41.18,3,32.1,60,43.45,53.8,40,
2025-04-08,若松,2,15:50,投票,1,清水攻二,A2,山口,6.19,43.36,5.25,35.0,58,42.31,23,31.46,51.9,51,
2025-04-08,若松,2,15:50,投票,2,樋口喜彦,B1,兵庫,3.32,13.21,0.0,0.0,53,25.64,47,36.16,55.3,42,
2025-04-08,若松,2,15:50,投票,3,深山祐二,B1,佐賀,4.05,20.48,3.94,21.88,59,31.25,39,40.66,52.7,48,
2025-04-08,若松,2,15:50,投票,4,吉田宗弘,B1,東京,4.28,16.67,3.88,25.0,13,15.49,16,35.29,49.7,44,
2025-04-08,若松,2,15:50,投票,5,小野信樹,B1,岡山,3.52,13.04,4.14,18.37,21,21.05,50,35.52,52.1,57,
2025-04-08,若松,2,15:50,投票,6,枝尾賢,A1,福岡,0.0,0.0,7.4,57.89,45,41.1,38,29.21,52.5,43,
2025-04-08,若松,3,16:18,投票,1,山口裕二,A2,長崎,6.18,40.45,3.56,22.22,12,62.5,26,34.25,53.7,46,
2025-04-08,若松,3,16:18,投票,2,安東幸治,A1,福岡,5.76,35.65,6.15,40.0,8,23.61,40,35.39,57.0,43,
2025-04-08,若松,3,16:18,投票,3,尾形栄治,B1,東京,4.63,26.67,4.05,21.05,2,30.77,59,37.99,55.3,49,
2025-04-08,若松,3,16:18,投票,4,鈴木智啓,A2,愛知,5.41,36.89,5.81,50.0,28,46.15,45,37.22,58.5,39,
2025-04-08,若松,3,16:18,投票,5,佐藤駿介,B1,山口,3.45,19.79,2.42,0.0,62,31.25,68,31.03,51.7,31,
2025-04-08,若松,3,16:18,投票,6,高倉孝太,B1,福井,5.26,31.0,3.8,20.0,56,26.32,74,36.16,51.0,38,
2025-04-08,若松,4,16:46,投票,1,藤田浩人,A2,佐賀,5.7,39.39,0.0,0.0,23,38.16,56,32.6,54.0,38,
2025-04-08,若松,4,16:46,投票,2,柳瀬興志,B1,山口,5.6,34.69,5.06,31.25,33,38.36,66,30.99,58.0,55,
2025-04-08,若松,4,16:46,投票,3,岩橋裕馬,B1,兵庫,3.95,10.17,4.5,15.0,1,28.21,73,30.81,52.5,36,
2025-04-08,若松,4,16:46,投票,4,後藤正宗,A2,静岡,5.92,40.2,5.84,47.37,18,25.33,70,38.6,53.3,47,
2025-04-08,若松,4,16:46,投票,5,信濃由行,B1,福井,3.66,17.78,2.9,10.0,37,22.86,29,27.17,55.3,51,
2025-04-08,若松,4,16:46,投票,6,村岡賢人,A1,岡山,6.37,44.35,2.88,0.0,42,30.77,24,36.75,52.2,35,
2025-04-08,若松,5,17:15,投票,1,谷川祐一,A1,滋賀,6.02,44.86,5.82,45.45,35,37.14,31,26.51,52.4,43,
2025-04-08,若松,5,17:15,投票,2,小野寺智洋,A2,香川,5.02,29.75,5.65,43.48,36,40.28,67,31.4,52.3,48,
2025-04-08,若松,5,17:15,投票,3,本岡勝利,B1,広島,3.53,12.9,3.78,4.35,47,20.0,34,31.69,54.4,43,
2025-04-08,若松,5,17:15,投票,4,高岡竜也,A2,山口,4.62,30.43,5.43,28.57,46,50.0,33,35.75,51.8,31,
2025-04-08,若松,5,17:15,投票,5,村上宗太郎,B1,東京,5.21,40.7,4.55,18.18,52,27.16,48,28.33,52.7,22,
2025-04-08,若松,5,17:15,投票,6,木山大聖,B2,岡山,1.45,0.0,0.0,0.0,41,38.36,69,38.15,50.7,22,
2025-04-08,若松,6,17:48,投票,1,横澤剛治,A1,静岡,5.89,38.26,0.0,0.0,39,39.19,11,30.95,56.0,47,
2025-04-08,若松,6,17:48,投票,2,山本幸也,B2,福岡,2.9,11.39,2.21,6.06,4,35.37,20,32.78,57.3,24,
2025-04-08,若松,6,17:48,投票,3,榎幸司,A2,長崎,6.6,44.92,6.27,43.66,30,38.16,46,33.15,51.5,42,
2025-04-08,若松,6,17:48,投票,4,野間大樹,B1,大阪,4.52,22.95,0.0,0.0,16,38.96,65,33.14,50.8,36,
2025-04-08,若松,6,17:48,投票,5,深山祐二,B1,佐賀,4.05,20.48,3.94,21.88,59,31.25,39,40.66,52.7,48,
2025-04-08,若松,6,17:48,投票,6,村越篤,A2,香川,5.03,30.36,5.65,47.83,54,37.97,52,33.71,55.7,47,
2025-04-08,若松,7,18:18,投票,1,丹下将,A2,愛知,6.54,47.47,6.65,58.82,11,49.3,14,29.41,55.9,39,
2025-04-08,若松,7,18:18,投票,2,高野哲史,A1,兵庫,6.6,44.63,5.81,43.75,25,38.46,57,33.15,52.2,35,
2025-04-08,若松,7,18:18,投票,3,木村浩士,B1,群馬,4.77,28.18,4.73,36.36,10,50.68,28,27.01,56.1,44,
2025-04-08,若松,7,18:18,投票,4,新田洋一,B1,広島,5.52,32.91,3.4,13.33,60,28.21,43,38.86,54.3,31,
2025-04-08,若松,7,18:18,投票,5,尾形栄治,B1,東京,4.63,26.67,4.05,21.05,2,30.77,59,37.99,55.3,49,
2025-04-08,若松,7,18:18,投票,6,松本一毅,A2,大阪,4.88,31.13,0.0,0.0,26,37.18,53,35.52,51.8,30,
2025-04-08,若松,8,18:48,投票,1,石橋道友,A1,長崎,6.48,42.39,6.5,40.0,51,32.47,22,36.72,52.7,43,
2025-04-08,若松,8,18:48,投票,2,大野芳顕,A2,福岡,5.79,34.11,5.94,41.18,3,32.1,60,43.45,53.8,40,
2025-04-08,若松,8,18:48,投票,3,清水攻二,A2,山口,6.19,43.36,5.25,35.0,58,42.31,23,31.46,51.9,51,
2025-04-08,若松,8,18:48,投票,4,高倉孝太,B1,福井,5.26,31.0,3.8,20.0,56,26.32,74,36.16,51.0,38,
2025-04-08,若松,8,18:48,投票,5,三浦裕貴,B1,東京,5.3,29.07,5.64,45.45,34,36.99,49,31.15,54.3,36,
2025-04-08,若松,8,18:48,投票,6,井上慧人,B2,福岡,2.55,5.38,1.91,0.0,22,29.76,41,32.4,54.3,21,
2025-04-08,若松,9,19:16,投票,1,河野真也,A2,福岡,5.66,35.61,6.12,45.1,19,18.42,17,27.33,52.5,35,
2025-04-08,若松,9,19:16,投票,2,村上宗太郎,B1,東京,5.21,40.7,4.55,18.18,52,27.16,48,28.33,52.7,22,
2025-04-08,若松,9,19:16,投票,3,枝尾賢,A1,福岡,0.0,0.0,7.4,57.89,45,41.1,38,29.21,52.5,43,
2025-04-08,若松,9,19:16,投票,4,柳橋宏紀,B1,滋賀,5.24,32.58,3.31,15.38,61,45.68,63,32.95,53.8,43,
2025-04-08,若松,9,19:16,投票,5,柳瀬興志,B1,山口,5.6,34.69,5.06,31.25,33,38.36,66,30.99,58.0,55,
2025-04-08,若松,9,19:16,投票,6,鈴木智啓,A2,愛知,5.41,36.89,5.81,50.0,28,46.15,45,37.22,58.5,39,
2025-04-08,若松,10,19:46,投票,1,高岡竜也,A2,山口,4.62,30.43,5.43,28.57,46,50.0,33,35.75,51.8,31,
2025-04-08,若松,10,19:46,投票,2,吉田宗弘,B1,東京,4.28,16.67,3.88,25.0,13,15.49,16,35.29,49.7,44,
2025-04-08,若松,10,19:46,投票,3,村越篤,A2,香川,5.03,30.36,5.65,47.83,54,37.97,52,33.71,55.7,47,
2025-04-08,若松,10,19:46,投票,4,山口裕二,A2,長崎,6.18,40.45,3.56,22.22,12,62.5,26,34.25,53.7,46,
2025-04-08,若松,10,19:46,投票,5,崎利仁,B1,群馬,4.44,21.3,0.0,0.0,20,37.97,36,34.57,55.1,48,
2025-04-08,若松,10,19:46,投票,6,後藤正宗,A2,静岡,5.92,40.2,5.84,47.37,18,25.33,70,38.6,53.3,47,
2025-04-08,若松,11,20:16,投票,1,榎幸司,A2,長崎,6.6,44.92,6.27,43.66,30,38.16,46,33.15,51.5,42,
2025-04-08,若松,11,20:16,投票,2,佐藤駿介,B1,山口,3.45,19.79,2.42,0.0,62,31.25,68,31.03,51.7,31,
2025-04-08,若松,11,20:16,投票,3,藤田浩人,A2,佐賀,5.7,39.39,0.0,0.0,23,38.16,56,32.6,54.0,38,
2025-04-08,若松,11,20:16,投票,4,丹下将,A2,愛知,6.54,47.47,6.65,58.82,11,49.3,14,29.41,55.9,39,
2025-04-08,若松,11,20:16,投票,5,市川美宏,B1,静岡,4.81,21.59,5.29,42.86,27,34.62,18,27.33,53.5,41,
2025-04-08,若松,11,20:16,投票,6,小野寺智洋,A2,香川,5.02,29.75,5.65,43.48,36,40.28,67,31.4,52.3,48,
2025-04-08,若松,12,20:45,投票,1,高野哲史,A1,兵庫,6.6,44.63,5.81,43.75,25,38.46,57,33.15,52.2,35,
2025-04-08,若松,12,20:45,投票,2,石橋道友,A1,長崎,6.48,42.39,6.5,40.0,51,32.47,22,36.72,52.7,43,
2025-04-08,若松,12,20:45,投票,3,谷川祐一,A1,滋賀,6.02,44.86,5.82,45.45,35,37.14,31,26.51,52.4,43,
2025-04-08,若松,12,20:45,投票,4,村岡賢人,A1,岡山,6.37,44.35,2.88,0.0,42,30.77,24,36.75,52.2,35,
2025-04-08,若松,12,20:45,投票,5,横澤剛治,A1,静岡,5.89,38.26,0.0,0.0,39,39.19,11,30.95,56.0,47,
2025-04-08,若松,12,20:45,投票,6,安東幸治,A1,福岡,5.76,35.65,6.15,40.0,8,23.61,40,35.39,57.0,43,
2025-04-08,芦屋,1,08:35,投票,1,乙藤智史,A2,福岡,6.13,39.76,6.25,44.74,27,30.37,29,39.76,55.5,40,
2025-04-08,芦屋,1,08:35,投票,2,島崎丈一朗,B1,東京,3.8,13.33,4.9,20.0,31,37.7,32,35.98,52.9,21,
2025-04-08,芦屋,1,08:35,投票,3,森岡まき,B1,岡山,4.68,27.78,5.22,33.33,59,37.8,14,31.11,47.5,51,
2025-04-08,芦屋,1,08:35,投票,4,今泉徹,B1,群馬,4.13,16.67,0.0,0.0,7,28.57,56,33.33,51.8,51,
2025-04-08,芦屋,1,08:35,投票,5,酒井俊弘,B1,福井,5.19,35.71,4.44,11.11,40,39.62,68,33.75,51.9,41,
2025-04-08,芦屋,1,08:35,投票,6,杉田篤光,B1,静岡,5.55,37.93,7.11,44.44,47,41.02,52,41.91,51.8,46,
2025-04-08,芦屋,2,09:01,投票,1,黄金井力良,A2,埼玉,5.67,35.4,4.66,17.24,57,26.56,43,31.36,57.0,39,
2025-04-08,芦屋,2,09:01,投票,2,杢野誓良,B1,愛知,5.21,32.39,2.5,16.67,51,33.07,11,30.4,52.4,49,
2025-04-08,芦屋,2,09:01,投票,3,廣瀬凜,B1,滋賀,4.82,22.81,0.0,0.0,3,35.11,27,34.06,50.8,22,
2025-04-08,芦屋,2,09:01,投票,4,深川真二,A1,佐賀,7.27,57.28,6.7,40.74,33,34.83,18,34.63,51.7,50,
2025-04-08,芦屋,2,09:01,投票,5,齊藤大将,B1,東京,4.89,20.63,4.44,22.22,39,31.8,26,31.47,55.0,29,
2025-04-08,芦屋,2,09:01,投票,6,三原司,B1,福岡,4.23,20.43,4.58,21.05,34,30.09,54,30.23,52.3,38,
2025-04-08,芦屋,3,09:27,投票,1,松江秀徳,A2,佐賀,5.98,41.0,6.03,39.39,55,28.64,17,32.05,55.6,47,
2025-04-08,芦屋,3,09:27,投票,2,金田大輔,B1,岡山,4.68,28.07,3.93,13.33,43,30.05,58,32.2,51.2,41,
2025-04-08,芦屋,3,09:27,投票,3,前田将太,A1,福岡,7.83,57.84,7.15,55.77,22,31.98,51,32.02,56.5,37,
2025-04-08,芦屋,3,09:27,投票,4,村田浩司,B1,山口,4.03,23.68,4.33,23.81,2,40.39,42,36.82,53.3,42,
2025-04-08,芦屋,3,09:27,投票,5,松尾充,A2,三重,6.55,49.12,6.05,46.15,53,30.41,61,33.48,50.5,36,
2025-04-08,芦屋,3,09:27,投票,6,畑和宏,B1,広島,4.81,29.49,3.56,0.0,16,29.6,28,31.67,51.3,53,
2025-04-08,芦屋,4,09:53,投票,1,山本寛久,A1,岡山,6.39,43.97,8.0,78.13,44,36.54,62,36.63,51.9,48,
2025-04-08,芦屋,4,09:53,投票,2,中村裕将,B1,埼玉,5.01,29.89,4.0,11.11,56,40.5,25,36.22,54.9,62,
2025-04-08,芦屋,4,09:53,投票,3,牧原崇,B1,愛知,5.41,31.48,5.14,42.86,23,36.02,55,34.6,52.2,41,
2025-04-08,芦屋,4,09:53,投票,4,萬正嗣,A2,群馬,4.74,25.0,4.61,22.22,35,28.84,69,37.66,59.4,42,
2025-04-08,芦屋,4,09:53,投票,5,松下誉士,B1,福岡,4.14,18.52,3.8,16.0,21,36.96,23,33.73,54.0,40,
2025-04-08,芦屋,4,09:53,投票,6,宇留田翔平,A2,三重,5.55,36.0,5.29,28.57,15,39.16,50,30.43,53.2,28,
2025-04-08,芦屋,5,10:20,投票,1,小野桜,A2,滋賀,5.05,32.35,5.0,11.11,29,28.5,35,43.68,46.2,46,
2025-04-08,芦屋,5,10:20,投票,2,森岡まき,B1,岡山,4.68,27.78,5.22,33.33,59,37.8,14,31.11,47.5,51,
2025-04-08,芦屋,5,10:20,投票,3,来田衣織,B1,兵庫,4.88,27.91,4.11,18.52,48,29.68,31,31.58,50.5,29,
2025-04-08,芦屋,5,10:20,投票,4,稲生夏季,B1,東京,4.35,16.67,3.22,0.0,6,35.57,22,38.55,49.9,34,
2025-04-08,芦屋,5,10:20,投票,5,三嶌こころ,B1,香川,1.92,2.27,1.75,6.25,14,40.42,39,33.19,51.1,23,
2025-04-08,芦屋,5,10:20,投票,6,日隈茜,B2,福岡,1.11,0.0,1.11,0.0,5,31.15,16,37.64,48.0,23,
2025-04-08,芦屋,6,10:47,投票,1,小西英輝,B1,福井,4.39,25.3,5.0,28.57,36,40.5,44,34.25,53.5,46,
2025-04-08,芦屋,6,10:47,投票,2,川島圭司,A2,滋賀,5.82,42.06,4.85,23.08,41,37.92,19,37.84,52.3,41,
2025-04-08,芦屋,6,10:47,投票,3,三原司,B1,福岡,4.23,20.43,4.58,21.05,34,30.09,54,30.23,52.3,38,
2025-04-08,芦屋,6,10:47,投票,4,藤本佳史,A2,山口,4.45,23.08,5.8,39.44,49,42.59,20,40.98,54.7,56,
2025-04-08,芦屋,6,10:47,投票,5,畑竜生,B1,三重,5.73,38.53,5.14,31.03,45,36.73,40,30.0,52.4,28,
2025-04-08,芦屋,6,10:47,投票,6,金田諭,A1,埼玉,5.91,41.38,6.16,42.11,37,32.19,46,29.15,52.4,46,
2025-04-08,芦屋,7,11:21,投票,1,古賀智之,B1,福岡,4.22,20.31,3.54,16.67,20,26.42,12,37.25,53.0,35,
2025-04-08,芦屋,7,11:21,投票,2,杉田篤光,B1,静岡,5.55,37.93,7.11,44.44,47,41.02,52,41.91,51.8,46,
2025-04-08,芦屋,7,11:21,投票,3,齊藤大将,B1,東京,4.89,20.63,4.44,22.22,39,31.8,26,31.47,55.0,29,
2025-04-08,芦屋,7,11:21,投票,4,興津藍,B1,徳島,7.09,58.97,6.16,46.94,8,33.97,48,41.22,50.1,44,
2025-04-08,芦屋,7,11:21,投票,5,村田浩司,B1,山口,4.03,23.68,4.33,23.81,2,40.39,42,36.82,53.3,42,
2025-04-08,芦屋,7,11:21,投票,6,木村亮太,B1,兵庫,4.81,28.75,0.0,0.0,26,29.58,70,31.28,52.3,40,
2025-04-08,芦屋,8,11:52,投票,1,幸田智裕,B1,静岡,4.87,26.0,4.71,17.65,30,39.53,67,32.05,52.3,44,
2025-04-08,芦屋,8,11:52,投票,2,渡邉雄朗,A1,東京,6.45,47.5,5.26,29.63,11,39.59,24,29.65,54.4,38,
2025-04-08,芦屋,8,11:52,投票,3,中村裕将,B1,埼玉,5.01,29.89,4.0,11.11,56,40.5,25,36.22,54.9,62,
2025-04-08,芦屋,8,11:52,投票,4,松江秀徳,A2,佐賀,5.98,41.0,6.03,39.39,55,28.64,17,32.05,55.6,47,
2025-04-08,芦屋,8,11:52,投票,5,廣瀬凜,B1,滋賀,4.82,22.81,0.0,0.0,3,35.11,27,34.06,50.8,22,
2025-04-08,芦屋,8,11:52,投票,6,川上剛,A2,福岡,5.96,38.85,6.05,41.73,13,38.43,37,43.32,54.2,43,
2025-04-08,芦屋,9,12:26,投票,1,竹井貴史,A1,福岡,6.81,52.53,6.44,38.46,46,30.45,13,34.82,54.6,33,
2025-04-08,芦屋,9,12:26,投票,2,横田茂,B1,広島,4.4,21.21,4.72,27.78,9,35.1,49,29.96,51.7,52,
2025-04-08,芦屋,9,12:26,投票,3,小野桜,A2,滋賀,5.05,32.35,5.0,11.11,29,28.5,35,43.68,46.2,46,
2025-04-08,芦屋,9,12:26,投票,4,牧原崇,B1,愛知,5.41,31.48,5.14,42.86,23,36.02,55,34.6,52.2,41,
2025-04-08,芦屋,9,12:26,投票,5,島崎丈一朗,B1,東京,3.8,13.33,4.9,20.0,31,37.7,32,35.98,52.9,21,
2025-04-08,芦屋,9,12:26,投票,6,植田太一,A2,福岡,5.22,36.96,5.04,30.43,4,33.86,21,30.6,60.4,35,
2025-04-08,芦屋,10,12:57,投票,1,松尾充,A2,三重,6.55,49.12,6.05,46.15,53,30.41,61,33.48,50.5,36,
2025-04-08,芦屋,10,12:57,投票,2,乙藤智史,A2,福岡,6.13,39.76,6.25,44.74,27,30.37,29,39.76,55.5,40,
2025-04-08,芦屋,10,12:57,投票,3,萬正嗣,A2,群馬,4.74,25.0,4.61,22.22,35,28.84,69,37.66,59.4,42,
2025-04-08,芦屋,10,12:57,投票,4,小畑実成,B1,岡山,4.19,20.24,4.75,31.25,54,28.71,53,32.59,54.9,58,
2025-04-08,芦屋,10,12:57,投票,5,杢野誓良,B1,愛知,5.21,32.39,2.5,16.67,51,33.07,11,30.4,52.4,49,
2025-04-08,芦屋,10,12:57,投票,6,谷村一哉,A2,山口,6.39,43.69,7.2,50.0,42,30.99,30,32.91,57.5,46,
2025-04-08,芦屋,11,13:33,投票,1,堀本和也,A1,徳島,6.47,46.79,6.73,46.15,1,36.23,65,34.35,54.2,36,
2025-04-08,芦屋,11,13:33,投票,2,酒井俊弘,B1,福井,5.19,35.71,4.44,11.11,40,39.62,68,33.75,51.9,41,
2025-04-08,芦屋,11,13:33,投票,3,興津藍,B1,徳島,7.09,58.97,6.16,46.94,8,33.97,48,41.22,50.1,44,
2025-04-08,芦屋,11,13:33,投票,4,宇留田翔平,A2,三重,5.55,36.0,5.29,28.57,15,39.16,50,30.43,53.2,28,
2025-04-08,芦屋,11,13:33,投票,5,川島圭司,A2,滋賀,5.82,42.06,4.85,23.08,41,37.92,19,37.84,52.3,41,
2025-04-08,芦屋,11,13:33,投票,6,馬袋義則,A2,兵庫,6.57,46.32,5.41,38.46,38,35.9,64,39.2,53.6,52,
2025-04-08,芦屋,12,14:14,投票,1,前田将太,A1,福岡,7.83,57.84,7.15,55.77,22,31.98,51,32.02,56.5,37,
2025-04-08,芦屋,12,14:14,投票,2,深川真二,A1,佐賀,7.27,57.28,6.7,40.74,33,34.83,18,34.63,51.7,50,
2025-04-08,芦屋,12,14:14,投票,3,山本寛久,A1,岡山,6.39,43.97,8.0,78.13,44,36.54,62,36.63,51.9,48,
2025-04-08,芦屋,12,14:14,投票,4,金田諭,A1,埼玉,5.91,41.38,6.16,42.11,37,32.19,46,29.15,52.4,46,
2025-04-08,芦屋,12,14:14,投票,5,竹井貴史,A1,福岡,6.81,52.53,6.44,38.46,46,30.45,13,34.82,54.6,33,
2025-04-08,芦屋,12,14:14,投票,6,渡邉雄朗,A1,東京,6.45,47.5,5.26,29.63,11,39.59,24,29.65,54.4,38,
2025-04-08,福岡,1,12:33,投票,1,水摩敦,A2,福岡,6.41,42.02,6.08,43.75,46,33.33,155,38.46,52.1,38,
2025-04-08,福岡,1,12:33,投票,2,田中勇輔,B1,埼玉,5.04,30.61,0.0,0.0,32,32.26,103,21.88,52.0,31,
2025-04-08,福岡,1,12:33,投票,3,武田正紀,B1,埼玉,4.41,17.33,5.5,30.0,27,36.84,157,36.36,54.2,57,
2025-04-08,福岡,1,12:33,投票,4,木山和幸,B1,広島,5.03,28.45,5.05,33.33,58,15.0,124,31.03,51.0,55,
2025-04-08,福岡,1,12:33,投票,5,石塚裕介,B1,三重,5.06,27.72,4.6,20.0,66,23.53,102,39.13,53.3,39,
2025-04-08,福岡,1,12:33,投票,6,中村守成,B1,三重,4.53,24.32,6.45,45.45,48,20.0,158,50.0,53.4,53,
2025-04-08,福岡,2,13:01,投票,1,奈須啓太,B2,福岡,5.77,35.94,6.13,48.15,15,24.14,109,50.0,52.0,41,
2025-04-08,福岡,2,13:01,投票,2,原村拓也,B1,香川,4.78,26.32,5.06,25.0,14,31.03,101,38.46,52.8,34,
2025-04-08,福岡,2,13:01,投票,3,成貞琳平,B1,愛知,3.4,9.68,4.44,22.22,47,25.93,111,44.44,54.2,28,
2025-04-08,福岡,2,13:01,投票,4,清水敦揮,A1,岡山,6.65,52.08,0.0,0.0,39,50.0,151,10.53,54.8,44,
2025-04-08,福岡,2,13:01,投票,5,伊藤啓三,A2,埼玉,6.11,40.15,5.9,46.67,25,47.37,170,45.0,52.1,49,
2025-04-08,福岡,2,13:01,投票,6,田中和也,A1,大阪,7.5,60.78,5.38,37.5,67,30.43,115,30.0,52.7,40,
2025-04-08,福岡,3,13:29,投票,1,西丸敦基,B1,香川,5.05,29.76,3.23,7.69,43,56.0,106,30.3,52.7,22,
2025-04-08,福岡,3,13:29,投票,2,小川竜太朗,B1,埼玉,4.27,20.0,4.75,37.5,42,43.75,114,40.63,52.1,24,
2025-04-08,福岡,3,13:29,投票,3,鳥居塚孝博,A2,群馬,5.81,35.34,0.0,0.0,63,53.13,123,43.48,51.0,50,
2025-04-08,福岡,3,13:29,投票,4,泉啓文,B1,岡山,4.39,24.47,5.5,35.0,33,24.24,152,36.36,57.7,50,
2025-04-08,福岡,3,13:29,投票,5,西村秀樹,B1,福岡,3.92,18.06,4.55,18.18,44,43.33,169,40.0,52.5,54,
2025-04-08,福岡,3,13:29,投票,6,岡崎凪汰,B2,長崎,1.38,1.89,0.0,0.0,28,45.0,168,54.55,52.3,23,
2025-04-08,福岡,4,13:57,投票,1,木下大將,B1,福岡,5.16,37.5,5.92,42.42,59,19.05,153,20.0,52.0,40,
2025-04-08,福岡,4,13:57,投票,2,中井俊祐,A2,大阪,4.75,27.38,5.44,38.89,62,24.14,161,40.0,52.6,44,
2025-04-08,福岡,4,13:57,投票,3,江藤敦宏,B1,福岡,3.45,9.09,3.83,16.98,75,43.75,160,80.0,52.1,25,
2025-04-08,福岡,4,13:57,投票,4,渡部悟,A2,大阪,4.94,28.13,6.1,45.0,13,51.61,163,23.81,57.5,36,
2025-04-08,福岡,4,13:57,投票,5,山田竜一,A2,東京,5.68,37.93,5.68,38.71,18,54.55,148,48.28,51.5,54,
2025-04-08,福岡,4,13:57,投票,6,海野康志郎,A1,山口,7.21,51.85,6.63,43.75,68,44.83,116,20.0,62.4,37,
2025-04-08,福岡,5,14:25,投票,1,松田淳平,B1,三重,5.01,31.51,4.0,20.0,65,33.33,167,31.82,52.3,23,
2025-04-08,福岡,5,14:25,投票,2,石田貴洋,A2,埼玉,5.25,33.33,5.29,35.71,26,21.05,113,50.0,52.0,28,
2025-04-08,福岡,5,14:25,投票,3,古川健,B1,広島,4.97,25.76,0.0,0.0,64,56.67,150,13.33,52.0,41,
2025-04-08,福岡,5,14:25,投票,4,向後龍一,A1,埼玉,6.1,45.67,6.33,53.33,60,56.25,166,33.33,52.0,43,
2025-04-08,福岡,5,14:25,投票,5,鳥飼眞,A2,福岡,5.86,39.62,5.92,41.67,38,37.5,159,42.86,50.0,51,
2025-04-08,福岡,5,14:25,投票,6,守田俊介,A1,滋賀,7.36,60.87,8.44,88.89,50,32.26,118,28.0,52.4,49,
2025-04-08,福岡,6,14:53,投票,1,深水慎一郎,A2,東京,5.24,33.33,3.67,22.22,40,33.33,105,15.15,54.0,44,
2025-04-08,福岡,6,14:53,投票,2,山戸信二,B1,長崎,3.82,22.81,4.06,19.35,41,50.0,117,30.77,51.5,39,
2025-04-08,福岡,6,14:53,投票,3,原村拓也,B1,香川,4.78,26.32,5.06,25.0,14,31.03,101,38.46,52.8,34,
2025-04-08,福岡,6,14:53,投票,4,西岡蒼志,B2,香川,2.93,5.0,0.0,0.0,17,45.45,119,43.75,54.9,20,
2025-04-08,福岡,6,14:53,投票,5,塩田北斗,A1,福岡,7.64,63.33,6.57,54.74,61,20.0,107,9.09,52.0,37,
2025-04-08,福岡,6,14:53,投票,6,山田晃大,A1,滋賀,6.33,46.34,0.0,0.0,30,26.67,174,15.0,52.5,35,
2025-04-08,福岡,7,15:21,投票,1,武田正紀,B1,埼玉,4.41,17.33,5.5,30.0,27,36.84,157,36.36,54.2,57,
2025-04-08,福岡,7,15:21,投票,2,成貞琳平,B1,愛知,3.4,9.68,4.44,22.22,47,25.93,111,44.44,54.2,28,
2025-04-08,福岡,7,15:21,投票,3,大田直弥,B1,山口,4.84,27.17,5.2,35.0,51,23.33,156,15.79,52.5,38,
2025-04-08,福岡,7,15:21,投票,4,鈴木茂高,B1,愛知,4.4,27.4,3.68,5.26,12,20.69,121,45.45,57.8,45,
2025-04-08,福岡,7,15:21,投票,5,本橋克洋,A2,群馬,5.77,41.67,6.09,45.45,29,34.48,172,30.0,52.4,51,
2025-04-08,福岡,7,15:21,投票,6,和田拓也,A1,兵庫,6.64,50.0,3.67,16.67,45,52.38,171,40.91,52.8,34,
2025-04-08,福岡,8,15:51,投票,1,佐藤大介,A1,愛知,6.54,50.0,5.93,35.71,74,35.0,108,31.82,52.8,49,
2025-04-08,福岡,8,15:51,投票,2,泉啓文,B1,岡山,4.39,24.47,5.5,35.0,33,24.24,152,36.36,57.7,50,
2025-04-08,福岡,8,15:51,投票,3,伊藤啓三,A2,埼玉,6.11,40.15,5.9,46.67,25,47.37,170,45.0,52.1,49,
2025-04-08,福岡,8,15:51,投票,4,上野秀和,B1,福岡,4.84,27.54,4.59,22.73,49,48.28,173,26.32,56.5,42,
2025-04-08,福岡,8,15:51,投票,5,中井俊祐,A2,大阪,4.75,27.38,5.44,38.89,62,24.14,161,40.0,52.6,44,
2025-04-08,福岡,8,15:51,投票,6,川辺郭人,B2,佐賀,1.61,2.44,0.0,0.0,57,20.0,162,25.0,52.4,24,
2025-04-08,福岡,9,16:21,投票,1,渡部悟,A2,大阪,4.94,28.13,6.1,45.0,13,51.61,163,23.81,57.5,36,
2025-04-08,福岡,9,16:21,投票,2,上瀧絢也,B1,佐賀,4.25,22.11,3.87,18.42,31,24.14,112,33.33,52.7,28,
2025-04-08,福岡,9,16:21,投票,3,盛本真輔,A2,兵庫,5.19,33.64,0.0,0.0,24,35.29,154,50.0,51.5,39,
2025-04-08,福岡,9,16:21,投票,4,北川太一,A2,佐賀,5.88,42.86,0.0,0.0,11,0.0,120,41.38,52.0,32,
2025-04-08,福岡,9,16:21,投票,5,木山和幸,B1,広島,5.03,28.45,5.05,33.33,58,15.0,124,31.03,51.0,55,
2025-04-08,福岡,9,16:21,投票,6,向後龍一,A1,埼玉,6.1,45.67,6.33,53.33,60,56.25,166,33.33,52.0,43,
2025-04-08,福岡,10,16:53,投票,1,田中和也,A1,大阪,7.5,60.78,5.38,37.5,67,30.43,115,30.0,52.7,40,
2025-04-08,福岡,10,16:53,投票,2,海野康志郎,A1,山口,7.21,51.85,6.63,43.75,68,44.83,116,20.0,62.4,37,
2025-04-08,福岡,10,16:53,投票,3,塩田北斗,A1,福岡,7.64,63.33,6.57,54.74,61,20.0,107,9.09,52.0,37,
2025-04-08,福岡,10,16:53,投票,4,鳥飼眞,A2,福岡,5.86,39.62,5.92,41.67,38,37.5,159,42.86,50.0,51,
2025-04-08,福岡,10,16:53,投票,5,鳥居塚孝博,A2,群馬,5.81,35.34,0.0,0.0,63,53.13,123,43.48,51.0,50,
2025-04-08,福岡,10,16:53,投票,6,奈須啓太,B2,福岡,5.77,35.94,6.13,48.15,15,24.14,109,50.0,52.0,41,
2025-04-08,福岡,11,17:25,投票,1,守田俊介,A1,滋賀,7.36,60.87,8.44,88.89,50,32.26,118,28.0,52.4,49,
2025-04-08,福岡,11,17:25,投票,2,水摩敦,A2,福岡,6.41,42.02,6.08,43.75,46,33.33,155,38.46,52.1,38,
2025-04-08,福岡,11,17:25,投票,3,清水敦揮,A1,岡山,6.65,52.08,0.0,0.0,39,50.0,151,10.53,54.8,44,
2025-04-08,福岡,11,17:25,投票,4,本橋克洋,A2,群馬,5.77,41.67,6.09,45.45,29,34.48,172,30.0,52.4,51,
2025-04-08,福岡,11,17:25,投票,5,木下大將,B1,福岡,5.16,37.5,5.92,42.42,59,19.05,153,20.0,52.0,40,
2025-04-08,福岡,11,17:25,投票,6,深水慎一郎,A2,東京,5.24,33.33,3.67,22.22,40,33.33,105,15.15,54.0,44,
2025-04-08,福岡,12,18:00,投票,1,和田拓也,A1,兵庫,6.64,50.0,3.67,16.67,45,52.38,171,40.91,52.8,34,
2025-04-08,福岡,12,18:00,投票,2,佐藤大介,A1,愛知,6.54,50.0,5.93,35.71,74,35.0,108,31.82,52.8,49,
2025-04-08,福岡,12,18:00,投票,3,山田晃大,A1,滋賀,6.33,46.34,0.0,0.0,30,26.67,174,15.0,52.5,35,
2025-04-08,福岡,12,18:00,投票,4,山田竜一,A2,東京,5.68,37.93,5.68,38.71,18,54.55,148,48.28,51.5,54,
2025-04-08,福岡,12,18:00,投票,5,石田貴洋,A2,埼玉,5.25,33.33,5.29,35.71,26,21.05,113,50.0,52.0,28,
2025-04-08,福岡,12,18:00,投票,6,西丸敦基,B1,香川,5.05,29.76,3.23,7.69,43,56.0,106,30.3,52.7,22,
2025-04-08,大村,1,17:41,投票,1,町田洸希,B1,長崎,4.34,19.18,4.5,29.73,24,24.43,25,29.38,52.0,33,
2025-04-08,大村,1,17:41,投票,2,石川吉鎬,A2,大阪,5.94,36.59,5.11,11.11,66,38.04,52,34.66,55.6,48,
2025-04-08,大村,1,17:41,投票,3,中島友和,B1,佐賀,4.28,22.37,5.44,37.04,16,34.1,35,26.19,53.1,48,
2025-04-08,大村,1,17:41,投票,4,安部慎一,B1,福岡,4.44,27.27,4.88,26.92,22,42.44,73,30.9,53.7,37,
2025-04-08,大村,1,17:41,投票,5,荒井翔伍,A2,東京,5.95,42.19,4.86,28.57,62,44.13,70,38.33,53.0,35,
2025-04-08,大村,1,17:41,投票,6,武田信一,B2,徳島,4.57,26.47,2.71,14.29,41,31.49,58,32.58,60.2,52,
2025-04-08,大村,2,18:08,投票,1,木場雄二郎,B1,山口,4.48,23.6,5.0,37.5,51,31.28,71,31.67,56.0,43,
2025-04-08,大村,2,18:08,投票,2,井内将太郎,A2,広島,6.1,40.52,5.66,34.04,64,31.28,33,27.61,52.9,40,
2025-04-08,大村,2,18:08,投票,3,柘植政浩,A2,滋賀,5.52,34.12,2.67,0.0,30,32.79,68,40.22,51.0,43,
2025-04-08,大村,2,18:08,投票,4,大神康司,B1,福岡,5.26,31.87,5.01,30.14,74,32.42,37,35.91,52.5,52,
2025-04-08,大村,2,18:08,投票,5,村田修次,A2,東京,5.8,42.62,6.1,50.0,23,34.5,20,33.7,52.0,51,
2025-04-08,大村,2,18:08,投票,6,浮田圭浩,B1,岡山,4.74,29.0,4.21,20.83,58,24.28,59,35.56,53.4,42,
2025-04-08,大村,3,18:35,投票,1,一宮稔弘,B2,徳島,5.42,32.35,5.33,16.67,39,28.74,61,41.71,52.2,53,
2025-04-08,大村,3,18:35,投票,2,小倉康典,B1,群馬,4.81,27.71,0.0,0.0,28,33.15,17,30.68,50.5,42,
2025-04-08,大村,3,18:35,投票,3,杉山貴博,A1,東京,6.41,48.89,5.0,27.59,27,46.33,36,38.64,54.8,44,
2025-04-08,大村,3,18:35,投票,4,市川哲也,A1,広島,5.95,38.71,5.78,38.89,54,33.52,29,35.91,51.5,56,
2025-04-08,大村,3,18:35,投票,5,山下心一,B2,福岡,1.44,0.0,0.0,0.0,36,38.98,38,40.0,51.5,20,
2025-04-08,大村,3,18:35,投票,6,岸本隆,B1,岡山,5.85,44.71,6.44,56.25,33,29.28,27,29.05,56.4,49,
2025-04-08,大村,4,19:02,投票,1,伊達正利,B1,静岡,4.15,19.77,4.5,22.73,73,33.52,24,33.9,54.2,50,
2025-04-08,大村,4,19:02,投票,2,樋口亮,A2,長崎,5.64,36.08,6.27,46.79,65,30.86,21,34.86,52.0,49,
2025-04-08,大村,4,19:02,投票,3,吉田裕平,A1,愛知,7.59,49.04,5.73,30.3,53,36.42,15,24.71,52.0,28,
2025-04-08,大村,4,19:02,投票,4,野相弘司,B1,福岡,4.9,27.66,5.2,31.43,34,30.9,41,36.16,58.2,41,
2025-04-08,大村,4,19:02,投票,5,後藤浩,B1,埼玉,5.13,26.73,0.0,0.0,55,33.91,53,34.09,52.1,56,
2025-04-08,大村,4,19:02,投票,6,本吉正樹,B1,東京,3.7,13.21,0.0,0.0,45,38.07,67,32.0,54.5,59,
2025-04-08,大村,5,19:30,投票,1,海老澤泰行,B1,東京,5.19,31.91,4.14,28.57,63,22.49,23,32.78,56.6,50,
2025-04-08,大村,5,19:30,投票,2,白井英治,A1,山口,7.24,48.89,8.5,61.11,18,45.35,34,25.14,52.9,48,
2025-04-08,大村,5,19:30,投票,3,岩下巧斗,B1,群馬,3.0,4.76,0.0,0.0,19,27.53,55,23.76,52.0,22,
2025-04-08,大村,5,19:30,投票,4,藤山雅弘,B1,大阪,6.24,46.23,0.0,0.0,70,32.76,12,28.49,52.5,35,
2025-04-08,大村,5,19:30,投票,5,松井賢治,A2,兵庫,5.88,37.39,5.3,26.67,67,26.63,60,34.08,52.0,46,
2025-04-08,大村,5,19:30,投票,6,木下陽介,B1,東京,4.16,25.37,5.16,36.84,21,37.99,56,30.11,55.4,45,
2025-04-08,大村,6,19:58,投票,1,中亮太,A2,福岡,6.1,49.3,6.0,44.44,17,30.94,19,28.32,53.2,27,
2025-04-08,大村,6,19:58,投票,2,鈴木秀茉,B1,静岡,4.67,24.39,0.0,0.0,13,31.43,22,38.89,52.0,33,
2025-04-08,大村,6,19:58,投票,3,武田信一,B2,徳島,4.57,26.47,2.71,14.29,41,31.49,58,32.58,60.2,52,
2025-04-08,大村,6,19:58,投票,4,竹田辰也,A2,山口,6.41,49.47,6.16,43.75,47,42.61,72,31.82,53.5,41,
2025-04-08,大村,6,19:58,投票,5,山川雄大,B1,兵庫,5.07,32.61,5.2,35.0,50,29.07,31,31.11,52.0,32,
2025-04-08,大村,6,19:58,投票,6,永田啓二,A1,福岡,6.77,49.17,6.56,45.16,76,31.49,45,36.11,52.0,40,
2025-04-08,大村,7,20:26,投票,1,井内将太郎,A2,広島,6.1,40.52,5.66,34.04,64,31.28,33,27.61,52.9,40,
2025-04-08,大村,7,20:26,投票,2,永井源,A1,愛知,6.56,49.62,4.8,20.0,37,26.97,32,32.58,52.0,45,
2025-04-08,大村,7,20:26,投票,3,石川吉鎬,A2,大阪,5.94,36.59,5.11,11.11,66,38.04,52,34.66,55.6,48,
2025-04-08,大村,7,20:26,投票,4,生方靖亜,B1,群馬,4.66,28.24,0.0,0.0,31,36.67,51,33.9,52.9,24,
2025-04-08,大村,7,20:26,投票,5,松本浩貴,B1,埼玉,4.28,21.52,3.58,13.89,68,33.52,46,39.43,52.2,51,
2025-04-08,大村,7,20:26,投票,6,山下心一,B2,福岡,1.44,0.0,0.0,0.0,36,38.98,38,40.0,51.5,20,
2025-04-08,大村,8,20:57,投票,1,村田修次,A2,東京,5.8,42.62,6.1,50.0,23,34.5,20,33.7,52.0,51,
2025-04-08,大村,8,20:57,投票,2,立具敬司,B1,大阪,4.55,25.68,4.31,23.08,46,26.74,63,31.49,51.5,35,
2025-04-08,大村,8,20:57,投票,3,山田和佐,B1,広島,4.07,21.05,4.4,6.67,52,40.45,49,31.28,53.2,30,
2025-04-08,大村,8,20:57,投票,4,坪口竜也,A1,長崎,6.41,44.32,6.71,51.79,38,34.07,75,33.14,52.0,35,
2025-04-08,大村,8,20:57,投票,5,一宮稔弘,B2,徳島,5.42,32.35,5.33,16.67,39,28.74,61,41.71,52.2,53,
2025-04-08,大村,8,20:57,投票,6,渡辺豊,A2,東京,5.71,38.89,6.17,50.0,12,24.0,50,32.32,52.9,57,
2025-04-08,大村,9,21:23,投票,1,君島秀三,A1,滋賀,6.67,47.41,5.5,33.33,29,39.44,76,34.46,51.5,44,
2025-04-08,大村,9,21:23,投票,2,荒井翔伍,A2,東京,5.95,42.19,4.86,28.57,62,44.13,70,38.33,53.0,35,
2025-04-08,大村,9,21:23,投票,3,小倉康典,B1,群馬,4.81,27.71,0.0,0.0,28,33.15,17,30.68,50.5,42,
2025-04-08,大村,9,21:23,投票,4,浮田圭浩,B1,岡山,4.74,29.0,4.21,20.83,58,24.28,59,35.56,53.4,42,
2025-04-08,大村,9,21:23,投票,5,海老澤泰行,B1,東京,5.19,31.91,4.14,28.57,63,22.49,23,32.78,56.6,50,
2025-04-08,大村,9,21:23,投票,6,樋口亮,A2,長崎,5.64,36.08,6.27,46.79,65,30.86,21,34.86,52.0,49,
2025-04-08,大村,10,21:49,投票,1,石原翼,A2,静岡,6.04,45.19,6.22,44.44,69,46.67,44,31.87,52.0,27,
2025-04-08,大村,10,21:49,投票,2,本吉正樹,B1,東京,3.7,13.21,0.0,0.0,45,38.07,67,32.0,54.5,59,
2025-04-08,大村,10,21:49,投票,3,安部慎一,B1,福岡,4.44,27.27,4.88,26.92,22,42.44,73,30.9,53.7,37,
2025-04-08,大村,10,21:49,投票,4,栗山繁洋,B1,佐賀,3.98,24.47,4.88,36.36,59,23.26,14,39.89,52.3,59,
2025-04-08,大村,10,21:49,投票,5,白井英治,A1,山口,7.24,48.89,8.5,61.11,18,45.35,34,25.14,52.9,48,
2025-04-08,大村,10,21:49,投票,6,鈴谷一平,A2,兵庫,7.11,56.82,5.88,41.18,11,39.56,64,33.52,55.7,30,
2025-04-08,大村,11,22:15,投票,1,吉田裕平,A1,愛知,7.59,49.04,5.73,30.3,53,36.42,15,24.71,52.0,28,
2025-04-08,大村,11,22:15,投票,2,中亮太,A2,福岡,6.1,49.3,6.0,44.44,17,30.94,19,28.32,53.2,27,
2025-04-08,大村,11,22:15,投票,3,松井賢治,A2,兵庫,5.88,37.39,5.3,26.67,67,26.63,60,34.08,52.0,46,
2025-04-08,大村,11,22:15,投票,4,木場雄二郎,B1,山口,4.48,23.6,5.0,37.5,51,31.28,71,31.67,56.0,43,
2025-04-08,大村,11,22:15,投票,5,町田洸希,B1,長崎,4.34,19.18,4.5,29.73,24,24.43,25,29.38,52.0,33,
2025-04-08,大村,11,22:15,投票,6,杉山貴博,A1,東京,6.41,48.89,5.0,27.59,27,46.33,36,38.64,54.8,44,
2025-04-08,大村,12,22:41,投票,1,市川哲也,A1,広島,5.95,38.71,5.78,38.89,54,33.52,29,35.91,51.5,56,
2025-04-08,大村,12,22:41,投票,2,竹田辰也,A2,山口,6.41,49.47,6.16,43.75,47,42.61,72,31.82,53.5,41,
2025-04-08,大村,12,22:41,投票,3,野相弘司,B1,福岡,4.9,27.66,5.2,31.43,34,30.9,41,36.16,58.2,41,
2025-04-08,大村,12,22:41,投票,4,岩下巧斗,B1,群馬,3.0,4.76,0.0,0.0,19,27.53,55,23.76,52.0,22,
2025-04-08,大村,12,22:41,投票,5,永井源,A1,愛知,6.56,49.62,4.8,20.0,37,26.97,32,32.58,52.0,45,
2025-04-08,大村,12,22:41,投票,6,柘植政浩,A2,滋賀,5.52,34.12,2.67,0.0,30,32.79,68,40.22,51.0,43,
